Art (Niveau 1);Slægt (Niveau 2);Tribus (Niveau 3);Underfamilie (Niveau 4);Familie (Niveau 5);Overfamilie (Niveau 6);Orden (Niveau 7);Referencetekst;Den_danske_roedliste;Dansk;Autor;Dansk_navn;Familie_dk;Synonymer;Billeder;;;;;;;;;
Achenium humile;Achenium;Paederini;Paederinae;Staphylinidae;Staphylinoidea;Coleoptera;Katalog over Danmarks biller (Catalogue of the Coleoptera of Denmark). Entomologiske Meddelelser 64: 1-231;;Ja;(Nicolai, 1822);;Rovbiller;;189;190;191;;;;;;;
Acylophorus glaberrimus;Acylophorus;Staphylinini;Staphylininae;Staphylinidae;Staphylinoidea;Coleoptera;Katalog over Danmarks biller (Catalogue of the Coleoptera of Denmark). Entomologiske Meddelelser 64: 1-231;;Ja;(Herbst, 1784);;Rovbiller;;575;576;;;;;;;;
Acylophorus wagenschieberi;Acylophorus;Staphylinini;Staphylininae;Staphylinidae;Staphylinoidea;Coleoptera;Katalog over Danmarks biller (Catalogue of the Coleoptera of Denmark). Entomologiske Meddelelser 64: 1-231;;Ja;Kiesenwetter, 1850;;Rovbiller;;577;578;;;;;;;;
Astenus gracilis;Astenus;Paederini;Paederinae;Staphylinidae;Staphylinoidea;Coleoptera;Katalog over Danmarks biller (Catalogue of the Coleoptera of Denmark). Entomologiske Meddelelser 64: 1-231;;Ja;(Paykull, 1789);;Rovbiller;angustatus;37;38;39;40;;;;;;
Astenus immacullatus;Astenus;Paederini;Paederinae;Staphylinidae;Staphylinoidea;Coleoptera;Katalog over Danmarks biller (Catalogue of the Coleoptera of Denmark). Entomologiske Meddelelser 64: 1-231;;Ja;Stephens, 1833;;Rovbiller;;41;42;43;44;;;;;;
Astenus lyonessius;Astenus;Paederini;Paederinae;Staphylinidae;Staphylinoidea;Coleoptera;Katalog over Danmarks biller (Catalogue of the Coleoptera of Denmark). Entomologiske Meddelelser 64: 1-231;;Ja;(Joy, 1908);;Rovbiller;longelytratus;33;34;35;36;;;;;;
Astenus procerus;Astenus;Paederini;Paederinae;Staphylinidae;Staphylinoidea;Coleoptera;Katalog over Danmarks biller (Catalogue of the Coleoptera of Denmark). Entomologiske Meddelelser 64: 1-231;;Ja;(Gravenhorst, 1802);;Rovbiller;filiformis;25;26;27;28;;;;;;
Astenus pulchellus;Astenus;Paederini;Paederinae;Staphylinidae;Staphylinoidea;Coleoptera;Katalog over Danmarks biller (Catalogue of the Coleoptera of Denmark). Entomologiske Meddelelser 64: 1-231;;Ja;(Heer, 1839);;Rovbiller;;29;30;31;32;;;;;;
Atrecus affinis;Atrecus;Othiini;Staphylininae;Staphylinidae;Staphylinoidea;Coleoptera;Katalog over Danmarks biller (Catalogue of the Coleoptera of Denmark). Entomologiske Meddelelser 64: 1-231;;Ja;(Paykull, 1789);;Rovbiller;;579;580;;;;;;;;
Atrecus longiceps;Atrecus;Othiini;Staphylininae;Staphylinidae;Staphylinoidea;Coleoptera;Katalog over Danmarks biller (Catalogue of the Coleoptera of Denmark). Entomologiske Meddelelser 64: 1-231;;Ja;(Fauvel, 1873);;Rovbiller;;581;582;;;;;;;;
Bisnius cephalotes;Bisnius;Staphylinini;Staphylininae;Staphylinidae;Staphylinoidea;Coleoptera;Katalog over Danmarks biller (Catalogue of the Coleoptera of Denmark). Entomologiske Meddelelser 64: 1-231;;Ja;(Gravenhorst, 1802);;Rovbiller;;343;344;345;346;347;;;;;
Bisnius fimetarius;Bisnius;Staphylinini;Staphylininae;Staphylinidae;Staphylinoidea;Coleoptera;Katalog over Danmarks biller (Catalogue of the Coleoptera of Denmark). Entomologiske Meddelelser 64: 1-231;;Ja;(Gravenhorst, 1802);;Rovbiller;;331;332;333;334;335;336;337;;;
Bisnius nigriventris;Bisnius;Staphylinini;Staphylininae;Staphylinidae;Staphylinoidea;Coleoptera;Katalog over Danmarks biller (Catalogue of the Coleoptera of Denmark). Entomologiske Meddelelser 64: 1-231;;Ja;(Thomson, 1867);;Rovbiller;;348;;;;;;;;;
Bisnius nitidulus;Bisnius;Staphylinini;Staphylininae;Staphylinidae;Staphylinoidea;Coleoptera;Katalog over Danmarks biller (Catalogue of the Coleoptera of Denmark). Entomologiske Meddelelser 64: 1-231;;Ja;(Gravenhorst, 1802);;Rovbiller;;320;321;322;323;;;;;;
Bisnius parcus;Bisnius;Staphylinini;Staphylininae;Staphylinidae;Staphylinoidea;Coleoptera;Katalog over Danmarks biller (Catalogue of the Coleoptera of Denmark). Entomologiske Meddelelser 64: 1-231;;Ja;(Sharp, 1874);;Rovbiller;;358;359;360;;;;;;;
Bisnius pseudoparcus;Bisnius;Staphylinini;Staphylininae;Staphylinidae;Staphylinoidea;Coleoptera;Katalog over Danmarks biller (Catalogue of the Coleoptera of Denmark). Entomologiske Meddelelser 64: 1-231;;Ja;(Brunne, 1976);;Rovbiller;;355;356;357;;;;;;;
Bisnius puella;Bisnius;Staphylinini;Staphylininae;Staphylinidae;Staphylinoidea;Coleoptera;Katalog over Danmarks biller (Catalogue of the Coleoptera of Denmark). Entomologiske Meddelelser 64: 1-231;;Ja;(Nordmann, 1837);;Rovbiller;;414;415;;;;;;;;
Bisnius sordidus;Bisnius;Staphylinini;Staphylininae;Staphylinidae;Staphylinoidea;Coleoptera;Katalog over Danmarks biller (Catalogue of the Coleoptera of Denmark). Entomologiske Meddelelser 64: 1-231;;Ja;(Gravenhorst, 1802);;Rovbiller;;349;350;351;352;353;354;;;;
Bisnius subuliformis;Bisnius;Staphylinini;Staphylininae;Staphylinidae;Staphylinoidea;Coleoptera;Katalog over Danmarks biller (Catalogue of the Coleoptera of Denmark). Entomologiske Meddelelser 64: 1-231;;Ja;(Gravenhorst, 1802);;Rovbiller;fuscus;361;362;363;364;;;;;;
Cafius xantholoma;Cafius;Staphylinini;Staphylininae;Staphylinidae;Staphylinoidea;Coleoptera;Katalog over Danmarks biller (Catalogue of the Coleoptera of Denmark). Entomologiske Meddelelser 64: 1-231;;Ja;(Gravenhorst, 1806);Strandrovbille;Rovbiller;;217;218;219;220;221;222;223;;;
Creophilus maxillosus;Creophilus;Staphylinini;Staphylininae;Staphylinidae;Staphylinoidea;Coleoptera;Katalog over Danmarks biller (Catalogue of the Coleoptera of Denmark). Entomologiske Meddelelser 64: 1-231;;Ja;(Linnaeus, 1758);Skrækrovbille;Rovbiller;;488;489;;;;;;;;
Dinothenarus pubescens;Dinothenarus;Staphylinini;Staphylininae;Staphylinidae;Staphylinoidea;Coleoptera;Katalog over Danmarks biller (Catalogue of the Coleoptera of Denmark). Entomologiske Meddelelser 64: 1-231;;Ja;De Geer, 1774;;Rovbiller;;480;481;;;;;;;;
Emus hirtus;Emus;Staphylinini;Staphylininae;Staphylinidae;Staphylinoidea;Coleoptera;Katalog over Danmarks biller (Catalogue of the Coleoptera of Denmark). Entomologiske Meddelelser 64: 1-231;;Ja;(Linnaeus, 1758);Humlerovbille;Rovbiller;;486;487;;;;;;;;
Erichsonius cinerascens;Erichsonius;Staphylinini;Staphylininae;Staphylinidae;Staphylinoidea;Coleoptera;Katalog over Danmarks biller (Catalogue of the Coleoptera of Denmark). Entomologiske Meddelelser 64: 1-231;;Ja;(Gravenhorst, 1802);;Rovbiller;;208;209;210;211;212;;;;;
Euryporus picipes;Euryporus;Staphylinini;Staphylininae;Staphylinidae;Staphylinoidea;Coleoptera;Katalog over Danmarks biller (Catalogue of the Coleoptera of Denmark). Entomologiske Meddelelser 64: 1-231;;Ja;(Paykull, 1800);;Rovbiller;;573;574;;;;;;;;
Gabrius appendiculatus;Gabrius;Staphylinini;Staphylininae;Staphylinidae;Staphylinoidea;Coleoptera;Katalog over Danmarks biller (Catalogue of the Coleoptera of Denmark). Entomologiske Meddelelser 64: 1-231;;Ja;Sharp, 1910;;Rovbiller;subnigritulus;433;434;;;;;;;;
Gabrius austriacus;Gabrius;Staphylinini;Staphylininae;Staphylinidae;Staphylinoidea;Coleoptera;Katalog over Danmarks biller (Catalogue of the Coleoptera of Denmark). Entomologiske Meddelelser 64: 1-231;;Ja;Sheerpeltz, 1947;;Rovbiller;velox;431;432;;;;;;;;
Gabrius breviventer;Gabrius;Staphylinini;Staphylininae;Staphylinidae;Staphylinoidea;Coleoptera;Katalog over Danmarks biller (Catalogue of the Coleoptera of Denmark). Entomologiske Meddelelser 64: 1-231;;Ja;(Sperk, 1835);;Rovbiller;coxalus;429;430;;;;;;;;
Gabrius exiguus;Gabrius;Staphylinini;Staphylininae;Staphylinidae;Staphylinoidea;Coleoptera;Katalog over Danmarks biller (Catalogue of the Coleoptera of Denmark). Entomologiske Meddelelser 64: 1-231;;Ja;(Nordmann, 1837);;Rovbiller;;424;425;;;;;;;;
Gabrius keysianus;Gabrius;Staphylinini;Staphylininae;Staphylinidae;Staphylinoidea;Coleoptera;Katalog over Danmarks biller (Catalogue of the Coleoptera of Denmark). Entomologiske Meddelelser 64: 1-231;;Ja;Sharp, 1910;;Rovbiller;;435;;;;;;;;;
Gabrius nigritulus;Gabrius;Staphylinini;Staphylininae;Staphylinidae;Staphylinoidea;Coleoptera;Katalog over Danmarks biller (Catalogue of the Coleoptera of Denmark). Entomologiske Meddelelser 64: 1-231;;Ja;(Gravenhorst, 1802);;Rovbiller;;427;428;;;;;;;;
Gabrius osseticus;Gabrius;Staphylinini;Staphylininae;Staphylinidae;Staphylinoidea;Coleoptera;Katalog over Danmarks biller (Catalogue of the Coleoptera of Denmark). Entomologiske Meddelelser 64: 1-231;;Ja;(Kolenati, 1846);;Rovbiller;vernalis;420;421;;;;;;;;
Gabrius piliger;Gabrius;Staphylinini;Staphylininae;Staphylinidae;Staphylinoidea;Coleoptera;Fund af biller i Danmark, 2001 (Coleoptera). Entomologiske Meddelelser 70: 81-110;;Ja;Mulsant & Rey, 1876;;Rovbiller;;436;;;;;;;;;
Gabrius splendidulus;Gabrius;Staphylinini;Staphylininae;Staphylinidae;Staphylinoidea;Coleoptera;Katalog over Danmarks biller (Catalogue of the Coleoptera of Denmark). Entomologiske Meddelelser 64: 1-231;;Ja;(Gravenhorst, 1802);;Rovbiller;;422;423;;;;;;;;
Gabrius trossulus;Gabrius;Staphylinini;Staphylininae;Staphylinidae;Staphylinoidea;Coleoptera;Katalog over Danmarks biller (Catalogue of the Coleoptera of Denmark). Entomologiske Meddelelser 64: 1-231;;Ja;(Nordmann, 1837);;Rovbiller;;426;;;;;;;;;
Gabronthus thermarum;Gabronthus;Staphylinini;Staphylininae;Staphylinidae;Staphylinoidea;Coleoptera;Katalog over Danmarks biller (Catalogue of the Coleoptera of Denmark). Entomologiske Meddelelser 64: 1-231;;Ja;(Aubé, 1850);;Rovbiller;;437;438;;;;;;;;
Gauropterus fulgidus;Gauropterus;Xantholinini;Staphylininae;Staphylinidae;Staphylinoidea;Coleoptera;Katalog over Danmarks biller (Catalogue of the Coleoptera of Denmark). Entomologiske Meddelelser 64: 1-231;;Ja;(Fabricius, 1787);;Rovbiller;;587;588;;;;;;;;
Gyrohypnus angustatus;Gyrohypnus;Xantholinini;Staphylininae;Staphylinidae;Staphylinoidea;Coleoptera;Katalog over Danmarks biller (Catalogue of the Coleoptera of Denmark). Entomologiske Meddelelser 64: 1-231;;Ja;Stephens, 1833;;Rovbiller;;619;620;;;;;;;;
Gyrohypnus atratus;Gyrohypnus;Xantholinini;Staphylininae;Staphylinidae;Staphylinoidea;Coleoptera;Katalog over Danmarks biller (Catalogue of the Coleoptera of Denmark). Entomologiske Meddelelser 64: 1-231;;Ja;(Heer, 1839);;Rovbiller;;604;;;;;;;;;
Gyrohypnus fracticornis;Gyrohypnus;Xantholinini;Staphylininae;Staphylinidae;Staphylinoidea;Coleoptera;Katalog over Danmarks biller (Catalogue of the Coleoptera of Denmark). Entomologiske Meddelelser 64: 1-231;;Ja;(Müller, 1776);;Rovbiller;;601;603;;;;;;;;
Gyrohypnus punctulatus;Gyrohypnus;Xantholinini;Staphylininae;Staphylinidae;Staphylinoidea;Coleoptera;Katalog over Danmarks biller (Catalogue of the Coleoptera of Denmark). Entomologiske Meddelelser 64: 1-231;;Ja;(Paykull, 1789);;Rovbiller;liebei;599;600;;;;;;;;
Heterothops binotatus;Heterothops;Staphylinini;Staphylininae;Staphylinidae;Staphylinoidea;Coleoptera;Katalog over Danmarks biller (Catalogue of the Coleoptera of Denmark). Entomologiske Meddelelser 64: 1-231;;Ja;(Gravenhorst, 1802);;Rovbiller;;568;569;;;;;;;;
Heterothops dissimilis;Heterothops;Staphylinini;Staphylininae;Staphylinidae;Staphylinoidea;Coleoptera;Katalog over Danmarks biller (Catalogue of the Coleoptera of Denmark). Entomologiske Meddelelser 64: 1-231;;Ja;(Gravenhorst, 1802);;Rovbiller;;621;;;;;;;;;
Heterothops minutus;Heterothops;Staphylinini;Staphylininae;Staphylinidae;Staphylinoidea;Coleoptera;Katalog over Danmarks biller (Catalogue of the Coleoptera of Denmark). Entomologiske Meddelelser 64: 1-231;;Ja;Wollaston, 1860;;Rovbiller;;570;;;;;;;;;
Heterothops niger;Heterothops;Staphylinini;Staphylininae;Staphylinidae;Staphylinoidea;Coleoptera;Katalog over Danmarks biller (Catalogue of the Coleoptera of Denmark). Entomologiske Meddelelser 64: 1-231;;Ja;Kraatz, 1868;;Rovbiller;;567;;;;;;;;;
Heterothops praevius;Heterothops;Staphylinini;Staphylininae;Staphylinidae;Staphylinoidea;Coleoptera;Katalog over Danmarks biller (Catalogue of the Coleoptera of Denmark). Entomologiske Meddelelser 64: 1-231;;Ja;Erichson, 1839;;Rovbiller;;565;566;;;;;;;;
Heterothops quadripunctulus;Heterothops;Staphylinini;Staphylininae;Staphylinidae;Staphylinoidea;Coleoptera;Katalog over Danmarks biller (Catalogue of the Coleoptera of Denmark). Entomologiske Meddelelser 64: 1-231;;Ja;(Gravenhorst, 1806);;Rovbiller;;571;572;;;;;;;;
Heterothops stiglundbergi;Heterothops;Staphylinini;Staphylininae;Staphylinidae;Staphylinoidea;Coleoptera;Katalog over Danmarks biller (Catalogue of the Coleoptera of Denmark). Entomologiske Meddelelser 64: 1-231;;Ja;Israelson, 1979;;Rovbiller;;564;;;;;;;;;
Lathrobium brunnipes;Lathrobium;Paederini;Paederinae;Staphylinidae;Staphylinoidea;Coleoptera;Katalog over Danmarks biller (Catalogue of the Coleoptera of Denmark). Entomologiske Meddelelser 64: 1-231;;Ja;(Fabricius, 1793);;Rovbiller;;157;158;159;160;161;162;163;164;165;166
Lathrobium castaneipenne;Lathrobium;Paederini;Paederinae;Staphylinidae;Staphylinoidea;Coleoptera;Fund af biller i Danmark, 1997 (Coleoptera). Entomologiske Meddelelser 66: 65-93;;Ja;Kolenati, 1846;;Rovbiller;;146;;;;;;;;;
Lathrobium dilutum;Lathrobium;Paederini;Paederinae;Staphylinidae;Staphylinoidea;Coleoptera;Katalog over Danmarks biller (Catalogue of the Coleoptera of Denmark). Entomologiske Meddelelser 64: 1-231;;Ja;Erichson, 1839;;Rovbiller;;183;184;185;;;;;;;
Lathrobium elongatum;Lathrobium;Paederini;Paederinae;Staphylinidae;Staphylinoidea;Coleoptera;Katalog over Danmarks biller (Catalogue of the Coleoptera of Denmark). Entomologiske Meddelelser 64: 1-231;;Ja;(Linnaeus, 1767);;Rovbiller;;135;136;137;138;139;140;141;;;
Lathrobium fovulum;Lathrobium;Paederini;Paederinae;Staphylinidae;Staphylinoidea;Coleoptera;Katalog over Danmarks biller (Catalogue of the Coleoptera of Denmark). Entomologiske Meddelelser 64: 1-231;;Ja;Stephens, 1833;;Rovbiller;;167;168;169;170;171;;;;;
Lathrobium fulvipenne;Lathrobium;Paederini;Paederinae;Staphylinidae;Staphylinoidea;Coleoptera;Katalog over Danmarks biller (Catalogue of the Coleoptera of Denmark). Entomologiske Meddelelser 64: 1-231;;Ja;(Gravenhorst, 1806);;Rovbiller;;149;150;151;152;153;154;155;156;;
Lathrobium geminum;Lathrobium;Paederini;Paederinae;Staphylinidae;Staphylinoidea;Coleoptera;Katalog over Danmarks biller (Catalogue of the Coleoptera of Denmark). Entomologiske Meddelelser 64: 1-231;;Ja;Kraatz, 1857;;Rovbiller;volgense/Boreale;142;143;144;145;;;;;;
Lathrobium impressum;Lathrobium;Paederini;Paederinae;Staphylinidae;Staphylinoidea;Coleoptera;Katalog over Danmarks biller (Catalogue of the Coleoptera of Denmark). Entomologiske Meddelelser 64: 1-231;;Ja;Heer, 1841;;Rovbiller;filiforme;172;173;174;175;176;177;;;;
Lathrobium longulum;Lathrobium;Paederini;Paederinae;Staphylinidae;Staphylinoidea;Coleoptera;Katalog over Danmarks biller (Catalogue of the Coleoptera of Denmark). Entomologiske Meddelelser 64: 1-231;;Ja;Gravenhorst, 1802;;Rovbiller;;178;179;180;181;182;;;;;
Lathrobium pallidipenne;Lathrobium;Paederini;Paederinae;Staphylinidae;Staphylinoidea;Coleoptera;Katalog over Danmarks biller (Catalogue of the Coleoptera of Denmark). Entomologiske Meddelelser 64: 1-231;;Ja;Hochhuth, 1851;;Rovbiller;ripicola;147;148;;;;;;;;
Lathrobium pallidum;Lathrobium;Paederini;Paederinae;Staphylinidae;Staphylinoidea;Coleoptera;Katalog over Danmarks biller (Catalogue of the Coleoptera of Denmark). Entomologiske Meddelelser 64: 1-231;;Ja;Nordmann, 1837;;Rovbiller;;186;187;188;;;;;;;
Lathrobium rufipenne;Lathrobium;Paederini;Paederinae;Staphylinidae;Staphylinoidea;Coleoptera;Katalog over Danmarks biller (Catalogue of the Coleoptera of Denmark). Entomologiske Meddelelser 64: 1-231;;Ja;Gyllenhal, 1813;;Rovbiller;;131;132;133;134;;;;;;
Leptacinus batychrus;Leptacinus;Xantholinini;Staphylininae;Staphylinidae;Staphylinoidea;Coleoptera;Katalog over Danmarks biller (Catalogue of the Coleoptera of Denmark). Entomologiske Meddelelser 64: 1-231;;Ja;(Gyllenhal, 1827);;Rovbiller;;589;590;;;;;;;;
Leptacinus formicetorum;Leptacinus;Xantholinini;Staphylininae;Staphylinidae;Staphylinoidea;Coleoptera;Katalog over Danmarks biller (Catalogue of the Coleoptera of Denmark). Entomologiske Meddelelser 64: 1-231;;Ja;Märkel, 1841;;Rovbiller;;594;;;;;;;;;
Leptacinus intermedius;Leptacinus;Xantholinini;Staphylininae;Staphylinidae;Staphylinoidea;Coleoptera;Katalog over Danmarks biller (Catalogue of the Coleoptera of Denmark). Entomologiske Meddelelser 64: 1-231;;Ja;Donisthorpe, 1936;;Rovbiller;;591;592;;;;;;;;
Leptacinus pusillus;Leptacinus;Xantholinini;Staphylininae;Staphylinidae;Staphylinoidea;Coleoptera;Katalog over Danmarks biller (Catalogue of the Coleoptera of Denmark). Entomologiske Meddelelser 64: 1-231;;Ja;(Stephens, 1833);;Rovbiller;linearis;593;;;;;;;;;
Lithocharis nigriceps;Lithocharis;Paederini;Paederinae;Staphylinidae;Staphylinoidea;Coleoptera;Katalog over Danmarks biller (Catalogue of the Coleoptera of Denmark). Entomologiske Meddelelser 64: 1-231;;Ja;Kraatz, 1859;;Rovbiller;;100;101;102;;;;;;;
Lithocharis ochracea;Lithocharis;Paederini;Paederinae;Staphylinidae;Staphylinoidea;Coleoptera;Katalog over Danmarks biller (Catalogue of the Coleoptera of Denmark). Entomologiske Meddelelser 64: 1-231;;Ja;(Gravenhorst, 1802);;Rovbiller;;95;96;97;98;99;;;;;
Lobrathium multipunctum;Lobrathium;Paederini;Paederinae;Staphylinidae;Staphylinoidea;Coleoptera;Katalog over Danmarks biller (Catalogue of the Coleoptera of Denmark). Entomologiske Meddelelser 64: 1-231;;Ja;(Gravenhorst, 1802);;Rovbiller;;114;115;116;117;;;;;;
Medon apicalis;Medon;Paederini;Paederinae;Staphylinidae;Staphylinoidea;Coleoptera;Katalog over Danmarks biller (Catalogue of the Coleoptera of Denmark). Entomologiske Meddelelser 64: 1-231;;Ja;(Kraatz, 1857);;Rovbiller;;76;77;78;;;;;;;
Medon brunneus;Medon;Paederini;Paederinae;Staphylinidae;Staphylinoidea;Coleoptera;Katalog over Danmarks biller (Catalogue of the Coleoptera of Denmark). Entomologiske Meddelelser 64: 1-231;;Ja;(Erichson, 1839);;Rovbiller;;70;71;72;;;;;;;
Medon castaneus;Medon;Paederini;Paederinae;Staphylinidae;Staphylinoidea;Coleoptera;Katalog over Danmarks biller (Catalogue of the Coleoptera of Denmark). Entomologiske Meddelelser 64: 1-231;;Ja;(Gravenhorst, 1802);;Rovbiller;;67;68;69;;;;;;;
Medon ripicola;Medon;Paederini;Paederinae;Staphylinidae;Staphylinoidea;Coleoptera;Katalog over Danmarks biller (Catalogue of the Coleoptera of Denmark). Entomologiske Meddelelser 64: 1-231;;Ja;(Kraatz, 1854);;Rovbiller;;73;74;75;;;;;;;
Megalinus glabratus;Megalinus;Xantholinini;Staphylininae;Staphylinidae;Staphylinoidea;Coleoptera;Katalog over Danmarks biller (Catalogue of the Coleoptera of Denmark). Entomologiske Meddelelser 64: 1-231;;Ja;(Gravenhorst, 1802);;Rovbiller;;605;606;;;;;;;;
Neobisnius lathrobioides;Neobisnius;Staphylinini;Staphylininae;Staphylinidae;Staphylinoidea;Coleoptera;Katalog over Danmarks biller (Catalogue of the Coleoptera of Denmark). Entomologiske Meddelelser 64: 1-231;;Ja;(Baudi, 1848);;Rovbiller;cerrutii;203;204;205;206;;;;;;
Neobisnius procerulus;Neobisnius;Staphylinini;Staphylininae;Staphylinidae;Staphylinoidea;Coleoptera;Katalog over Danmarks biller (Catalogue of the Coleoptera of Denmark). Entomologiske Meddelelser 64: 1-231;;Ja;(Gravenhorst, 1806);;Rovbiller;;207;;;;;;;;;
Neobisnius villosulus;Neobisnius;Staphylinini;Staphylininae;Staphylinidae;Staphylinoidea;Coleoptera;Katalog over Danmarks biller (Catalogue of the Coleoptera of Denmark). Entomologiske Meddelelser 64: 1-231;;Ja;(Stephens, 1833);;Rovbiller;;200;201;202;;;;;;;
Nudobius lentus;Nudobius;Xantholinini;Staphylininae;Staphylinidae;Staphylinoidea;Coleoptera;Katalog over Danmarks biller (Catalogue of the Coleoptera of Denmark). Entomologiske Meddelelser 64: 1-231;;Ja;(Gravenhorst, 1806);;Rovbiller;;597;598;;;;;;;;
Ochthephilum collare;Ochthephilum;Paederini;Paederinae;Staphylinidae;Staphylinoidea;Coleoptera;Katalog over Danmarks biller (Catalogue of the Coleoptera of Denmark). Entomologiske Meddelelser 64: 1-231;;Ja;(Reitter, 1884);;Rovbiller;;198;199;;;;;;;;
Ochthephilum fracticorne;Ochthephilum;Paederini;Paederinae;Staphylinidae;Staphylinoidea;Coleoptera;Katalog over Danmarks biller (Catalogue of the Coleoptera of Denmark). Entomologiske Meddelelser 64: 1-231;;Ja;(Paykull, 1800);;Rovbiller;;192;193;194;195;196;197;;;;
Ocypus aeneocephalus;Ocypus;Staphylinini;Staphylininae;Staphylinidae;Staphylinoidea;Coleoptera;Katalog over Danmarks biller (Catalogue of the Coleoptera of Denmark). Entomologiske Meddelelser 64: 1-231;;Ja;(De Geer, 1774);;Rovbiller;;454;455;;;;;;;;
Ocypus brunnipes;Ocypus;Staphylinini;Staphylininae;Staphylinidae;Staphylinoidea;Coleoptera;Katalog over Danmarks biller (Catalogue of the Coleoptera of Denmark). Entomologiske Meddelelser 64: 1-231;;Ja;(Fabricius, 1781);;Rovbiller;;450;451;;;;;;;;
Ocypus fuscatus;Ocypus;Staphylinini;Staphylininae;Staphylinidae;Staphylinoidea;Coleoptera;Katalog over Danmarks biller (Catalogue of the Coleoptera of Denmark). Entomologiske Meddelelser 64: 1-231;;Ja;(Gravenhorst, 1802);;Rovbiller;;448;449;;;;;;;;
Ocypus nitens;Ocypus;Staphylinini;Staphylininae;Staphylinidae;Staphylinoidea;Coleoptera;Katalog over Danmarks biller (Catalogue of the Coleoptera of Denmark). Entomologiske Meddelelser 64: 1-231;;Ja;(Schrank, 1781);;Rovbiller;similis;445;446;447;;;;;;;
Ocypus olens;Ocypus;Staphylinini;Staphylininae;Staphylinidae;Staphylinoidea;Coleoptera;Katalog over Danmarks biller (Catalogue of the Coleoptera of Denmark). Entomologiske Meddelelser 64: 1-231;;Ja;(Müller, 1764);Stor rovbille;Rovbiller;;439;440;441;;;;;;;
Ocypus ophthalmicus;Ocypus;Staphylinini;Staphylininae;Staphylinidae;Staphylinoidea;Coleoptera;Katalog over Danmarks biller (Catalogue of the Coleoptera of Denmark). Entomologiske Meddelelser 64: 1-231;;Ja;(Scopoli, 1763);Blå kæmperovbille;Rovbiller;;442;443;444;;;;;;;
Ocypus picipennis;Ocypus;Staphylinini;Staphylininae;Staphylinidae;Staphylinoidea;Coleoptera;Katalog over Danmarks biller (Catalogue of the Coleoptera of Denmark). Entomologiske Meddelelser 64: 1-231;;Ja;(Fabricius, 1793);;Rovbiller;;452;453;;;;;;;;
Ontholestes murinus;Ontholestes;Staphylinini;Staphylininae;Staphylinidae;Staphylinoidea;Coleoptera;Katalog over Danmarks biller (Catalogue of the Coleoptera of Denmark). Entomologiske Meddelelser 64: 1-231;;Ja;(Linnaeus, 1758);Lille jagtrovbille;Rovbiller;;484;485;;;;;;;;
Ontholestes tessellatus;Ontholestes;Staphylinini;Staphylininae;Staphylinidae;Staphylinoidea;Coleoptera;Katalog over Danmarks biller (Catalogue of the Coleoptera of Denmark). Entomologiske Meddelelser 64: 1-231;;Ja;(Geoffroy, 1785);Stor jagtrovbille;Rovbiller;;482;483;;;;;;;;
Othius angustus;Othius;Othiini;Staphylininae;Staphylinidae;Staphylinoidea;Coleoptera;Katalog over Danmarks biller (Catalogue of the Coleoptera of Denmark). Entomologiske Meddelelser 64: 1-231;;Ja;Stephens, 1833;;Rovbiller;melanocephalus;583;584;;;;;;;;
Othius punctulatus;Othius;Othiini;Staphylininae;Staphylinidae;Staphylinoidea;Coleoptera;Katalog over Danmarks biller (Catalogue of the Coleoptera of Denmark). Entomologiske Meddelelser 64: 1-231;;Ja;(Goeze, 1777);;Rovbiller;;585;;;;;;;;;
Othius subuliformis;Othius;Othiini;Staphylininae;Staphylinidae;Staphylinoidea;Coleoptera;Katalog over Danmarks biller (Catalogue of the Coleoptera of Denmark). Entomologiske Meddelelser 64: 1-231;;Ja;Stephens, 1833;;Rovbiller;myrmecophilus;586;;;;;;;;;
Paederidus ruficollis;Paederidus;Paederini;Paederinae;Staphylinidae;Staphylinoidea;Coleoptera;Katalog over Danmarks biller (Catalogue of the Coleoptera of Denmark). Entomologiske Meddelelser 64: 1-231;;Ja;(Fabricius, 1777);;Rovbiller;;1;2;3;4;5;;;;;
Paederus fuscipes;Paederus;Paederini;Paederinae;Staphylinidae;Staphylinoidea;Coleoptera;Katalog over Danmarks biller (Catalogue of the Coleoptera of Denmark). Entomologiske Meddelelser 64: 1-231;;Ja;Curtis, 1826;;Rovbiller;;20;21;22;23;24;;;;;
Paederus littoralis;Paederus;Paederini;Paederinae;Staphylinidae;Staphylinoidea;Coleoptera;Katalog over Danmarks biller (Catalogue of the Coleoptera of Denmark). Entomologiske Meddelelser 64: 1-231;;Ja;Gravenhorst, 1802;;Rovbiller;;14;15;16;17;18;19;;;;
Paederus riparius;Paederus;Paederini;Paederinae;Staphylinidae;Staphylinoidea;Coleoptera;Katalog over Danmarks biller (Catalogue of the Coleoptera of Denmark). Entomologiske Meddelelser 64: 1-231;;Ja;(Linnaeus, 1758);Giftig rovbille;Rovbiller;;6;7;8;9;10;11;12;13;;
Phacophallus parumpunctatus;Phacophallus;Xantholinini;Staphylininae;Staphylinidae;Staphylinoidea;Coleoptera;Katalog over Danmarks biller (Catalogue of the Coleoptera of Denmark). Entomologiske Meddelelser 64: 1-231;;Ja;(Gyllenhal, 1827);;Rovbiller;;595;596;;;;;;;;
Philonthus addendus;Philonthus;Staphylinini;Staphylininae;Staphylinidae;Staphylinoidea;Coleoptera;Katalog over Danmarks biller (Catalogue of the Coleoptera of Denmark). Entomologiske Meddelelser 64: 1-231;;Ja;Sharp, 1867;;Rovbiller;;266;267;268;269;;;;;;
Philonthus albipes;Philonthus;Staphylinini;Staphylininae;Staphylinidae;Staphylinoidea;Coleoptera;Katalog over Danmarks biller (Catalogue of the Coleoptera of Denmark). Entomologiske Meddelelser 64: 1-231;;Ja;(Gravenhorst, 1802);;Rovbiller;;324;325;326;327;;;;;;
Philonthus alpinus;Philonthus;Staphylinini;Staphylininae;Staphylinidae;Staphylinoidea;Coleoptera;Katalog over Danmarks biller (Catalogue of the Coleoptera of Denmark). Entomologiske Meddelelser 64: 1-231;;Ja;Eppelsheim, 1875;;Rovbiller;;328;329;330;;;;;;;
Philonthus atratus;Philonthus;Staphylinini;Staphylininae;Staphylinidae;Staphylinoidea;Coleoptera;Katalog over Danmarks biller (Catalogue of the Coleoptera of Denmark). Entomologiske Meddelelser 64: 1-231;;Ja;(Gravenhorst, 1802);;Rovbiller;;275;276;277;278;279;;;;;
Philonthus binotatus;Philonthus;Staphylinini;Staphylininae;Staphylinidae;Staphylinoidea;Coleoptera;Katalog over Danmarks biller (Catalogue of the Coleoptera of Denmark). Entomologiske Meddelelser 64: 1-231;;Ja;(Gravenhorst, 1806);;Rovbiller;;418;419;;;;;;;;
Philonthus carbonarius;Philonthus;Staphylinini;Staphylininae;Staphylinidae;Staphylinoidea;Coleoptera;Katalog over Danmarks biller (Catalogue of the Coleoptera of Denmark). Entomologiske Meddelelser 64: 1-231;;Ja;(Gravenhorst, 1802);;Rovbiller;varius;302;303;304;305;306;307;308;309;;
Philonthus cognatus;Philonthus;Staphylinini;Staphylininae;Staphylinidae;Staphylinoidea;Coleoptera;Katalog over Danmarks biller (Catalogue of the Coleoptera of Denmark). Entomologiske Meddelelser 64: 1-231;;Ja;Stephens, 1832;;Rovbiller;fuscipennis;289;290;291;292;293;294;295;296;297;298
Philonthus concinnus;Philonthus;Staphylinini;Staphylininae;Staphylinidae;Staphylinoidea;Coleoptera;Katalog over Danmarks biller (Catalogue of the Coleoptera of Denmark). Entomologiske Meddelelser 64: 1-231;;Ja;(Gravenhorst, 1802);;Rovbiller;;370;371;;;;;;;;
Philonthus confinis;Philonthus;Staphylinini;Staphylininae;Staphylinidae;Staphylinoidea;Coleoptera;Katalog over Danmarks biller (Catalogue of the Coleoptera of Denmark). Entomologiske Meddelelser 64: 1-231;;Ja;Strand, 1941;;Rovbiller;;386;387;;;;;;;;
Philonthus corruscus;Philonthus;Staphylinini;Staphylininae;Staphylinidae;Staphylinoidea;Coleoptera;Katalog over Danmarks biller (Catalogue of the Coleoptera of Denmark). Entomologiske Meddelelser 64: 1-231;;Ja;(Gravenhorst, 1802);;Rovbiller;;372;373;;;;;;;;
Philonthus corvinus;Philonthus;Staphylinini;Staphylininae;Staphylinidae;Staphylinoidea;Coleoptera;Katalog over Danmarks biller (Catalogue of the Coleoptera of Denmark). Entomologiske Meddelelser 64: 1-231;;Ja;Erichson, 1839;;Rovbiller;;392;393;;;;;;;;
Philonthus cruentatus;Philonthus;Staphylinini;Staphylininae;Staphylinidae;Staphylinoidea;Coleoptera;Katalog over Danmarks biller (Catalogue of the Coleoptera of Denmark). Entomologiske Meddelelser 64: 1-231;;Ja;(Gmelin, 1790);;Rovbiller;;391;;;;;;;;;
Philonthus debilis;Philonthus;Staphylinini;Staphylininae;Staphylinidae;Staphylinoidea;Coleoptera;Katalog over Danmarks biller (Catalogue of the Coleoptera of Denmark). Entomologiske Meddelelser 64: 1-231;;Ja;(Gravenhorst, 1802);;Rovbiller;;376;377;;;;;;;;
Philonthus decorus;Philonthus;Staphylinini;Staphylininae;Staphylinidae;Staphylinoidea;Coleoptera;Katalog over Danmarks biller (Catalogue of the Coleoptera of Denmark). Entomologiske Meddelelser 64: 1-231;;Ja;(Gravenhorst, 1802);;Rovbiller;;280;281;282;283;284;285;286;287;288;
Philonthus discoideus;Philonthus;Staphylinini;Staphylininae;Staphylinidae;Staphylinoidea;Coleoptera;Katalog over Danmarks biller (Catalogue of the Coleoptera of Denmark). Entomologiske Meddelelser 64: 1-231;;Ja;(Gravenhorst, 1802);;Rovbiller;;394;395;;;;;;;;
Philonthus ebeninus;Philonthus;Staphylinini;Staphylininae;Staphylinidae;Staphylinoidea;Coleoptera;Katalog over Danmarks biller (Catalogue of the Coleoptera of Denmark). Entomologiske Meddelelser 64: 1-231;;Ja;(Gravenhorst, 1802);;Rovbiller;;368;369;;;;;;;;
Philonthus fumarius;Philonthus;Staphylinini;Staphylininae;Staphylinidae;Staphylinoidea;Coleoptera;Katalog over Danmarks biller (Catalogue of the Coleoptera of Denmark). Entomologiske Meddelelser 64: 1-231;;Ja;(Gravenhorst, 1806);;Rovbiller;;400;401;;;;;;;;
Philonthus furcifer;Philonthus;Staphylinini;Staphylininae;Staphylinidae;Staphylinoidea;Coleoptera;Katalog over Danmarks biller (Catalogue of the Coleoptera of Denmark). Entomologiske Meddelelser 64: 1-231;;Ja;Renkonen, 1937;;Rovbiller;;408;409;;;;;;;;
Philonthus intermedius;Philonthus;Staphylinini;Staphylininae;Staphylinidae;Staphylinoidea;Coleoptera;Katalog over Danmarks biller (Catalogue of the Coleoptera of Denmark). Entomologiske Meddelelser 64: 1-231;;Ja;(Lacordaire, 1835);;Rovbiller;;232;233;234;235;;;;;;
Philonthus jurgans;Philonthus;Staphylinini;Staphylininae;Staphylinidae;Staphylinoidea;Coleoptera;Katalog over Danmarks biller (Catalogue of the Coleoptera of Denmark). Entomologiske Meddelelser 64: 1-231;;Ja;Tottenham, 1937;;Rovbiller;;389;390;;;;;;;;
Philonthus laminatus;Philonthus;Staphylinini;Staphylininae;Staphylinidae;Staphylinoidea;Coleoptera;Katalog over Danmarks biller (Catalogue of the Coleoptera of Denmark). Entomologiske Meddelelser 64: 1-231;;Ja;(Creutzer, 1799);;Rovbiller;;236;237;238;239;240;241;242;;;
Philonthus lepidus;Philonthus;Staphylinini;Staphylininae;Staphylinidae;Staphylinoidea;Coleoptera;Katalog over Danmarks biller (Catalogue of the Coleoptera of Denmark). Entomologiske Meddelelser 64: 1-231;;Ja;(Gravenhorst, 1802);;Rovbiller;;317;318;319;;;;;;;
Philonthus longicornis;Philonthus;Staphylinini;Staphylininae;Staphylinidae;Staphylinoidea;Coleoptera;Katalog over Danmarks biller (Catalogue of the Coleoptera of Denmark). Entomologiske Meddelelser 64: 1-231;;Ja;Stephens, 1832;;Rovbiller;;380;381;;;;;;;;
Philonthus mannerheimi;Philonthus;Staphylinini;Staphylininae;Staphylinidae;Staphylinoidea;Coleoptera;Katalog over Danmarks biller (Catalogue of the Coleoptera of Denmark). Entomologiske Meddelelser 64: 1-231;;Ja;Fauvel, 1869;;Rovbiller;;299;300;301;;;;;;;
Philonthus marginatus;Philonthus;Staphylinini;Staphylininae;Staphylinidae;Staphylinoidea;Coleoptera;Katalog over Danmarks biller (Catalogue of the Coleoptera of Denmark). Entomologiske Meddelelser 64: 1-231;;Ja;(Müller, 1764);;Rovbiller;;312;313;314;315;316;;;;;
Philonthus micans;Philonthus;Staphylinini;Staphylininae;Staphylinidae;Staphylinoidea;Coleoptera;Katalog over Danmarks biller (Catalogue of the Coleoptera of Denmark). Entomologiske Meddelelser 64: 1-231;;Ja;(Gravenhorst, 1802);;Rovbiller;;404;405;;;;;;;;
Philonthus micantoides;Philonthus;Staphylinini;Staphylininae;Staphylinidae;Staphylinoidea;Coleoptera;Katalog over Danmarks biller (Catalogue of the Coleoptera of Denmark). Entomologiske Meddelelser 64: 1-231;;Ja;Benick & Lohse, 1956;;Rovbiller;;406;407;;;;;;;;
Philonthus nigrita;Philonthus;Staphylinini;Staphylininae;Staphylinidae;Staphylinoidea;Coleoptera;Katalog over Danmarks biller (Catalogue of the Coleoptera of Denmark). Entomologiske Meddelelser 64: 1-231;;Ja;(Gravenhorst, 1806);;Rovbiller;;402;403;;;;;;;;
Philonthus nitidicollis;Philonthus;Staphylinini;Staphylininae;Staphylinidae;Staphylinoidea;Coleoptera;Katalog over Danmarks biller (Catalogue of the Coleoptera of Denmark). Entomologiske Meddelelser 64: 1-231;;Ja;(Lacordaire, 1835);;Rovbiller;bimaculatus;310;311;;;;;;;;
Philonthus nitidus;Philonthus;Staphylinini;Staphylininae;Staphylinidae;Staphylinoidea;Coleoptera;Katalog over Danmarks biller (Catalogue of the Coleoptera of Denmark). Entomologiske Meddelelser 64: 1-231;;Ja;(Fabricius, 1787);;Rovbiller;;244;245;246;247;248;249;250;;;
Philonthus parvicornis;Philonthus;Staphylinini;Staphylininae;Staphylinidae;Staphylinoidea;Coleoptera;Katalog over Danmarks biller (Catalogue of the Coleoptera of Denmark). Entomologiske Meddelelser 64: 1-231;;Ja;(Gravenhorst, 1802);;Rovbiller;agilis;382;383;;;;;;;;
Philonthus politus;Philonthus;Staphylinini;Staphylininae;Staphylinidae;Staphylinoidea;Coleoptera;Katalog over Danmarks biller (Catalogue of the Coleoptera of Denmark). Entomologiske Meddelelser 64: 1-231;;Ja;(Linnaeus, 1758);;Rovbiller;;251;252;253;254;255;256;257;258;;
Philonthus pseudovarians;Philonthus;Staphylinini;Staphylininae;Staphylinidae;Staphylinoidea;Coleoptera;Katalog over Danmarks biller (Catalogue of the Coleoptera of Denmark). Entomologiske Meddelelser 64: 1-231;;Ja;Strand, 1941;;Rovbiller;;388;;;;;;;;;
Philonthus punctus;Philonthus;Staphylinini;Staphylininae;Staphylinidae;Staphylinoidea;Coleoptera;Katalog over Danmarks biller (Catalogue of the Coleoptera of Denmark). Entomologiske Meddelelser 64: 1-231;;Ja;(Gravenhorst, 1802);;Rovbiller;;416;417;;;;;;;;
Philonthus quisquiliarius;Philonthus;Staphylinini;Staphylininae;Staphylinidae;Staphylinoidea;Coleoptera;Katalog over Danmarks biller (Catalogue of the Coleoptera of Denmark). Entomologiske Meddelelser 64: 1-231;;Ja;(Gyllenhal, 1810);;Rovbiller;;398;399;;;;;;;;
Philonthus rectangulus;Philonthus;Staphylinini;Staphylininae;Staphylinidae;Staphylinoidea;Coleoptera;Katalog over Danmarks biller (Catalogue of the Coleoptera of Denmark). Entomologiske Meddelelser 64: 1-231;;Ja;Sharp, 1874;;Rovbiller;;365;366;367;;;;;;;
Philonthus rubripennis;Philonthus;Staphylinini;Staphylininae;Staphylinidae;Staphylinoidea;Coleoptera;Katalog over Danmarks biller (Catalogue of the Coleoptera of Denmark). Entomologiske Meddelelser 64: 1-231;;Ja;Stephens, 1832;;Rovbiller;fulvipes;410;411;;;;;;;;
Philonthus rufipes;Philonthus;Staphylinini;Staphylininae;Staphylinidae;Staphylinoidea;Coleoptera;Katalog over Danmarks biller (Catalogue of the Coleoptera of Denmark). Entomologiske Meddelelser 64: 1-231;;Ja;(Stephens, 1832);;Rovbiller;immundus;374;375;;;;;;;;
Philonthus salinus;Philonthus;Staphylinini;Staphylininae;Staphylinidae;Staphylinoidea;Coleoptera;Katalog over Danmarks biller (Catalogue of the Coleoptera of Denmark). Entomologiske Meddelelser 64: 1-231;;Ja;Kiesenwetter, 1844;;Rovbiller;;412;413;;;;;;;;
Philonthus sanguinolentus;Philonthus;Staphylinini;Staphylininae;Staphylinidae;Staphylinoidea;Coleoptera;Katalog over Danmarks biller (Catalogue of the Coleoptera of Denmark). Entomologiske Meddelelser 64: 1-231;;Ja;(Gravenhorst, 1802);;Rovbiller;;378;379;;;;;;;;
Philonthus spinipes;Philonthus;Staphylinini;Staphylininae;Staphylinidae;Staphylinoidea;Coleoptera;Rovbillen Philonthus spinipes Sharp, 1874 fundet i Danmark (Coleoptera, Staphylinidae). Entomologiske Meddelelser 61: 77-80;;Ja;Sharp, 1874;;Rovbiller;;243;;;;;;;;;
Philonthus splendens;Philonthus;Staphylinini;Staphylininae;Staphylinidae;Staphylinoidea;Coleoptera;Katalog over Danmarks biller (Catalogue of the Coleoptera of Denmark). Entomologiske Meddelelser 64: 1-231;;Ja;(Fabricius, 1793);Glansrovbille;Rovbiller;;224;225;226;227;228;229;230;231;;
Philonthus succicola;Philonthus;Staphylinini;Staphylininae;Staphylinidae;Staphylinoidea;Coleoptera;Katalog over Danmarks biller (Catalogue of the Coleoptera of Denmark). Entomologiske Meddelelser 64: 1-231;;Ja;Thomson, 1860;;Rovbiller;chalcleus;259;260;261;262;263;264;265;;;
Philonthus tenuicornis;Philonthus;Staphylinini;Staphylininae;Staphylinidae;Staphylinoidea;Coleoptera;Katalog over Danmarks biller (Catalogue of the Coleoptera of Denmark). Entomologiske Meddelelser 64: 1-231;;Ja;Mulsant & Rey, 1853;;Rovbiller;carbonarius;270;271;272;273;274;;;;;
Philonthus umbratilis;Philonthus;Staphylinini;Staphylininae;Staphylinidae;Staphylinoidea;Coleoptera;Katalog over Danmarks biller (Catalogue of the Coleoptera of Denmark). Entomologiske Meddelelser 64: 1-231;;Ja;(Gravenhorst, 1802);;Rovbiller;;338;339;340;341;342;;;;;
Philonthus varians;Philonthus;Staphylinini;Staphylininae;Staphylinidae;Staphylinoidea;Coleoptera;Katalog over Danmarks biller (Catalogue of the Coleoptera of Denmark). Entomologiske Meddelelser 64: 1-231;;Ja;(Paykull, 1789);;Rovbiller;;384;385;;;;;;;;
Philonthus ventralis;Philonthus;Staphylinini;Staphylininae;Staphylinidae;Staphylinoidea;Coleoptera;Katalog over Danmarks biller (Catalogue of the Coleoptera of Denmark). Entomologiske Meddelelser 64: 1-231;;Ja;(Gravenhorst, 1802);;Rovbiller;;396;397;;;;;;;;
Platydracus chalcocephalus;Platydracus;Staphylinini;Staphylininae;Staphylinidae;Staphylinoidea;Coleoptera;Katalog over Danmarks biller (Catalogue of the Coleoptera of Denmark). Entomologiske Meddelelser 64: 1-231;;Ja;(Fabricius, 1801);;Rovbiller;;476;477;;;;;;;;
Platydracus fulvipes;Platydracus;Staphylinini;Staphylininae;Staphylinidae;Staphylinoidea;Coleoptera;Katalog over Danmarks biller (Catalogue of the Coleoptera of Denmark). Entomologiske Meddelelser 64: 1-231;;Ja;(Scopoli, 1763);;Rovbiller;;478;479;;;;;;;;
Platydracus latebricola;Platydracus;Staphylinini;Staphylininae;Staphylinidae;Staphylinoidea;Coleoptera;Katalog over Danmarks biller (Catalogue of the Coleoptera of Denmark). Entomologiske Meddelelser 64: 1-231;;Ja;(Gravenhorst, 1806);;Rovbiller;;475;;;;;;;;;
Platydracus stercorarius;Platydracus;Staphylinini;Staphylininae;Staphylinidae;Staphylinoidea;Coleoptera;Katalog over Danmarks biller (Catalogue of the Coleoptera of Denmark). Entomologiske Meddelelser 64: 1-231;;Ja;(Olivier, 1795);Almindelig guldpletrovbille;Rovbiller;;473;474;;;;;;;;
Pseudomedon obscurellus;Pseudomedon;Paederini;Paederinae;Staphylinidae;Staphylinoidea;Coleoptera;Katalog over Danmarks biller (Catalogue of the Coleoptera of Denmark). Entomologiske Meddelelser 64: 1-231;;Ja;(Erichson, 1840);;Rovbiller;;91;92;93;94;;;;;;
Pseudomedon obsoletus;Pseudomedon;Paederini;Paederinae;Staphylinidae;Staphylinoidea;Coleoptera;Katalog over Danmarks biller (Catalogue of the Coleoptera of Denmark). Entomologiske Meddelelser 64: 1-231;;Ja;(Nordmann, 1837);;Rovbiller;;88;89;90;;;;;;;
Quedius auricomus;Quedius;Staphylinini;Staphylininae;Staphylinidae;Staphylinoidea;Coleoptera;Katalog over Danmarks biller (Catalogue of the Coleoptera of Denmark). Entomologiske Meddelelser 64: 1-231;;Ja;Kiesenwetter, 1850;;Rovbiller;;551;552;;;;;;;;
Quedius boopoides;Quedius;Staphylinini;Staphylininae;Staphylinidae;Staphylinoidea;Coleoptera;Katalog over Danmarks biller (Catalogue of the Coleoptera of Denmark). Entomologiske Meddelelser 64: 1-231;;Ja;Munster, 1923;;Rovbiller;;560;;;;;;;;;
Quedius boops;Quedius;Staphylinini;Staphylininae;Staphylinidae;Staphylinoidea;Coleoptera;Katalog over Danmarks biller (Catalogue of the Coleoptera of Denmark). Entomologiske Meddelelser 64: 1-231;;Ja;(Gravenhorst, 1802);;Rovbiller;;561;;;;;;;;;
Quedius brevicornis;Quedius;Staphylinini;Staphylininae;Staphylinidae;Staphylinoidea;Coleoptera;Katalog over Danmarks biller (Catalogue of the Coleoptera of Denmark). Entomologiske Meddelelser 64: 1-231;;Ja;(Thomson, 1860);;Rovbiller;;509;510;;;;;;;;
Quedius brevis;Quedius;Staphylinini;Staphylininae;Staphylinidae;Staphylinoidea;Coleoptera;Katalog over Danmarks biller (Catalogue of the Coleoptera of Denmark). Entomologiske Meddelelser 64: 1-231;;Ja;Erichson, 1840;;Rovbiller;;492;;;;;;;;;
Quedius cinctus;Quedius;Staphylinini;Staphylininae;Staphylinidae;Staphylinoidea;Coleoptera;Katalog over Danmarks biller (Catalogue of the Coleoptera of Denmark). Entomologiske Meddelelser 64: 1-231;;Ja;(Paykull, 1790);;Rovbiller;;521;522;;;;;;;;
Quedius cruentus;Quedius;Staphylinini;Staphylininae;Staphylinidae;Staphylinoidea;Coleoptera;Katalog over Danmarks biller (Catalogue of the Coleoptera of Denmark). Entomologiske Meddelelser 64: 1-231;;Ja;(Olivier, 1795);;Rovbiller;;511;512;;;;;;;;
Quedius curtipennis;Quedius;Staphylinini;Staphylininae;Staphylinidae;Staphylinoidea;Coleoptera;Katalog over Danmarks biller (Catalogue of the Coleoptera of Denmark). Entomologiske Meddelelser 64: 1-231;;Ja;Bernhauer, 1908;;Rovbiller;;525;526;;;;;;;;
Quedius fulgidus;Quedius;Staphylinini;Staphylininae;Staphylinidae;Staphylinoidea;Coleoptera;Katalog over Danmarks biller (Catalogue of the Coleoptera of Denmark). Entomologiske Meddelelser 64: 1-231;;Ja;(Fabricius, 1793);;Rovbiller;assimilis;507;508;;;;;;;;
Quedius fuliginosus;Quedius;Staphylinini;Staphylininae;Staphylinidae;Staphylinoidea;Coleoptera;Katalog over Danmarks biller (Catalogue of the Coleoptera of Denmark). Entomologiske Meddelelser 64: 1-231;;Ja;(Gravenhorst, 1802);;Rovbiller;;523;524;;;;;;;;
Quedius fulvicollis;Quedius;Staphylinini;Staphylininae;Staphylinidae;Staphylinoidea;Coleoptera;Katalog over Danmarks biller (Catalogue of the Coleoptera of Denmark). Entomologiske Meddelelser 64: 1-231;;Ja;(Stephens, 1833);;Rovbiller;;557;;;;;;;;;
Quedius fumatus;Quedius;Staphylinini;Staphylininae;Staphylinidae;Staphylinoidea;Coleoptera;Katalog over Danmarks biller (Catalogue of the Coleoptera of Denmark). Entomologiske Meddelelser 64: 1-231;;Ja;(Stephens, 1833);;Rovbiller;;537;538;;;;;;;;
Quedius infuscatus;Quedius;Staphylinini;Staphylininae;Staphylinidae;Staphylinoidea;Coleoptera;Katalog over Danmarks biller (Catalogue of the Coleoptera of Denmark). Entomologiske Meddelelser 64: 1-231;;Ja;Erichson, 1840;;Rovbiller;;494;;;;;;;;;
Quedius invreae;Quedius;Staphylinini;Staphylininae;Staphylinidae;Staphylinoidea;Coleoptera;Katalog over Danmarks biller (Catalogue of the Coleoptera of Denmark). Entomologiske Meddelelser 64: 1-231;;Ja;Gridelli, 1924;;Rovbiller;invreai;503;504;;;;;;;;
Quedius lateralis;Quedius;Staphylinini;Staphylininae;Staphylinidae;Staphylinoidea;Coleoptera;Katalog over Danmarks biller (Catalogue of the Coleoptera of Denmark). Entomologiske Meddelelser 64: 1-231;;Ja;(Gravenhorst, 1802);;Rovbiller;;499;500;;;;;;;;
Quedius levicollis;Quedius;Staphylinini;Staphylininae;Staphylinidae;Staphylinoidea;Coleoptera;Katalog over Danmarks biller (Catalogue of the Coleoptera of Denmark). Entomologiske Meddelelser 64: 1-231;;Ja;(Brüllé, 1832);;Rovbiller;tristis;527;528;;;;;;;;
Quedius longicornis;Quedius;Staphylinini;Staphylininae;Staphylinidae;Staphylinoidea;Coleoptera;Katalog over Danmarks biller (Catalogue of the Coleoptera of Denmark). Entomologiske Meddelelser 64: 1-231;;Ja;Kraatz, 1857;;Rovbiller;;497;498;;;;;;;;
Quedius lucidulus;Quedius;Staphylinini;Staphylininae;Staphylinidae;Staphylinoidea;Coleoptera;Katalog over Danmarks biller (Catalogue of the Coleoptera of Denmark). Entomologiske Meddelelser 64: 1-231;;Ja;Erichson, 1839;;Rovbiller;;549;550;;;;;;;;
Quedius maurorufus;Quedius;Staphylinini;Staphylininae;Staphylinidae;Staphylinoidea;Coleoptera;Katalog over Danmarks biller (Catalogue of the Coleoptera of Denmark). Entomologiske Meddelelser 64: 1-231;;Ja;(Gravenhorst, 1806);;Rovbiller;;541;542;;;;;;;;
Quedius maurus;Quedius;Staphylinini;Staphylininae;Staphylinidae;Staphylinoidea;Coleoptera;Katalog over Danmarks biller (Catalogue of the Coleoptera of Denmark). Entomologiske Meddelelser 64: 1-231;;Ja;(Sahlberg, 1830);;Rovbiller;;517;518;;;;;;;;
Quedius mesomelinus;Quedius;Staphylinini;Staphylininae;Staphylinidae;Staphylinoidea;Coleoptera;Katalog over Danmarks biller (Catalogue of the Coleoptera of Denmark). Entomologiske Meddelelser 64: 1-231;;Ja;(Marsham, 1802);;Rovbiller;;513;514;;;;;;;;
Quedius microps;Quedius;Staphylinini;Staphylininae;Staphylinidae;Staphylinoidea;Coleoptera;Katalog over Danmarks biller (Catalogue of the Coleoptera of Denmark). Entomologiske Meddelelser 64: 1-231;;Ja;Gravenhorst, 1847;;Rovbiller;;495;496;;;;;;;;
Quedius molochinus;Quedius;Staphylinini;Staphylininae;Staphylinidae;Staphylinoidea;Coleoptera;Katalog over Danmarks biller (Catalogue of the Coleoptera of Denmark). Entomologiske Meddelelser 64: 1-231;;Ja;(Gravenhorst, 1806);;Rovbiller;picipennis;529;530;;;;;;;;
Quedius nemoralis;Quedius;Staphylinini;Staphylininae;Staphylinidae;Staphylinoidea;Coleoptera;Katalog over Danmarks biller (Catalogue of the Coleoptera of Denmark). Entomologiske Meddelelser 64: 1-231;;Ja;Baudi, 1848;;Rovbiller;;547;548;;;;;;;;
Quedius nigriceps;Quedius;Staphylinini;Staphylininae;Staphylinidae;Staphylinoidea;Coleoptera;Katalog over Danmarks biller (Catalogue of the Coleoptera of Denmark). Entomologiske Meddelelser 64: 1-231;;Ja;Kraatz, 1857;;Rovbiller;;535;536;;;;;;;;
Quedius nigrocaeruleus;Quedius;Staphylinini;Staphylininae;Staphylinidae;Staphylinoidea;Coleoptera;Katalog over Danmarks biller (Catalogue of the Coleoptera of Denmark). Entomologiske Meddelelser 64: 1-231;;Ja;Fauvel, 1876;;Rovbiller;;505;506;;;;;;;;
Quedius nitipennis;Quedius;Staphylinini;Staphylininae;Staphylinidae;Staphylinoidea;Coleoptera;Katalog over Danmarks biller (Catalogue of the Coleoptera of Denmark). Entomologiske Meddelelser 64: 1-231;;Ja;(Stephens, 1833);;Rovbiller;;558;559;;;;;;;;
Quedius persimilis;Quedius;Staphylinini;Staphylininae;Staphylinidae;Staphylinoidea;Coleoptera;Katalog over Danmarks biller (Catalogue of the Coleoptera of Denmark). Entomologiske Meddelelser 64: 1-231;;Ja;Mulsant & Rey, 1876;;Rovbiller;aridulus;562;563;;;;;;;;
Quedius picipes;Quedius;Staphylinini;Staphylininae;Staphylinidae;Staphylinoidea;Coleoptera;Katalog over Danmarks biller (Catalogue of the Coleoptera of Denmark). Entomologiske Meddelelser 64: 1-231;;Ja;(Mannerheim, 1830);;Rovbiller;;533;534;;;;;;;;
Quedius puncticollis;Quedius;Staphylinini;Staphylininae;Staphylinidae;Staphylinoidea;Coleoptera;Katalog over Danmarks biller (Catalogue of the Coleoptera of Denmark). Entomologiske Meddelelser 64: 1-231;;Ja;(Thomson, 1867);;Rovbiller;;501;502;;;;;;;;
Quedius scintillans;Quedius;Staphylinini;Staphylininae;Staphylinidae;Staphylinoidea;Coleoptera;Katalog over Danmarks biller (Catalogue of the Coleoptera of Denmark). Entomologiske Meddelelser 64: 1-231;;Ja;(Gravenhorst, 1806);;Rovbiller;;545;546;;;;;;;;
Quedius scitus;Quedius;Staphylinini;Staphylininae;Staphylinidae;Staphylinoidea;Coleoptera;Katalog over Danmarks biller (Catalogue of the Coleoptera of Denmark). Entomologiske Meddelelser 64: 1-231;;Ja;(Gravenhorst, 1806);;Rovbiller;;519;520;;;;;;;;
Quedius semiaeneus;Quedius;Staphylinini;Staphylininae;Staphylinidae;Staphylinoidea;Coleoptera;Katalog over Danmarks biller (Catalogue of the Coleoptera of Denmark). Entomologiske Meddelelser 64: 1-231;;Ja;(Stephens, 1833);;Rovbiller;;555;556;;;;;;;;
Quedius semiobscurus;Quedius;Staphylinini;Staphylininae;Staphylinidae;Staphylinoidea;Coleoptera;Katalog over Danmarks biller (Catalogue of the Coleoptera of Denmark). Entomologiske Meddelelser 64: 1-231;;Ja;(Marsham, 1802);;Rovbiller;rufipes;553;554;;;;;;;;
Quedius simplicifrons;Quedius;Staphylinini;Staphylininae;Staphylinidae;Staphylinoidea;Coleoptera;Katalog over Danmarks biller (Catalogue of the Coleoptera of Denmark). Entomologiske Meddelelser 64: 1-231;;Ja;Fairmaire, 1861;;Rovbiller;hispanicus;531;532;;;;;;;;
Quedius suturalis;Quedius;Staphylinini;Staphylininae;Staphylinidae;Staphylinoidea;Coleoptera;Katalog over Danmarks biller (Catalogue of the Coleoptera of Denmark). Entomologiske Meddelelser 64: 1-231;;Ja;Kiesenwetter, 1845;;Rovbiller;humeralis;543;544;;;;;;;;
Quedius truncicola;Quedius;Staphylinini;Staphylininae;Staphylinidae;Staphylinoidea;Coleoptera;Katalog over Danmarks biller (Catalogue of the Coleoptera of Denmark). Entomologiske Meddelelser 64: 1-231;;Ja;Fairmaire & Laboulbène, 1856;;Rovbiller;ventralis;493;;;;;;;;;
Quedius umbrinus;Quedius;Staphylinini;Staphylininae;Staphylinidae;Staphylinoidea;Coleoptera;Katalog over Danmarks biller (Catalogue of the Coleoptera of Denmark). Entomologiske Meddelelser 64: 1-231;;Ja;Erichson, 1839;;Rovbiller;;539;540;;;;;;;;
Quedius xanthopus;Quedius;Staphylinini;Staphylininae;Staphylinidae;Staphylinoidea;Coleoptera;Katalog over Danmarks biller (Catalogue of the Coleoptera of Denmark). Entomologiske Meddelelser 64: 1-231;;Ja;Erichson, 1839;;Rovbiller;;515;516;;;;;;;;
Remus sericeus;Remus;Staphylinini;Staphylininae;Staphylinidae;Staphylinoidea;Coleoptera;Katalog over Danmarks biller (Catalogue of the Coleoptera of Denmark). Entomologiske Meddelelser 64: 1-231;;Ja;Holme, 1837;;Rovbiller;;213;214;215;216;;;;;;
Rugilus erichsoni;Rugilus;Paederini;Paederinae;Staphylinidae;Staphylinoidea;Coleoptera;Katalog over Danmarks biller (Catalogue of the Coleoptera of Denmark). Entomologiske Meddelelser 64: 1-231;;Ja;(Fauvel, 1867);;Rovbiller;;63;64;65;66;;;;;;
Rugilus geniculatus;Rugilus;Paederini;Paederinae;Staphylinidae;Staphylinoidea;Coleoptera;Katalog over Danmarks biller (Catalogue of the Coleoptera of Denmark). Entomologiske Meddelelser 64: 1-231;;Ja;(Erichson, 1839);;Rovbiller;;55;;;;;;;;;
Rugilus orbiculatus;Rugilus;Paederini;Paederinae;Staphylinidae;Staphylinoidea;Coleoptera;Katalog over Danmarks biller (Catalogue of the Coleoptera of Denmark). Entomologiske Meddelelser 64: 1-231;;Ja;(Paykull, 1789);;Rovbiller;;56;57;58;59;60;61;62;;;
Rugilus rufipes;Rugilus;Paederini;Paederinae;Staphylinidae;Staphylinoidea;Coleoptera;Katalog over Danmarks biller (Catalogue of the Coleoptera of Denmark). Entomologiske Meddelelser 64: 1-231;;Ja;Germar, 1836;;Rovbiller;;45;46;47;48;49;50;51;52;;
Rugilus similis;Rugilus;Paederini;Paederinae;Staphylinidae;Staphylinoidea;Coleoptera;Katalog over Danmarks biller (Catalogue of the Coleoptera of Denmark). Entomologiske Meddelelser 64: 1-231;;Ja;(Erichson, 1839);;Rovbiller;;53;54;;;;;;;;
Scopaeus laevigatus;Scopaeus;Paederini;Paederinae;Staphylinidae;Staphylinoidea;Coleoptera;Katalog over Danmarks biller (Catalogue of the Coleoptera of Denmark). Entomologiske Meddelelser 64: 1-231;;Ja;(Gyllenhal, 1827);;Rovbiller;;103;104;105;;;;;;;
Scopaeus minimus;Scopaeus;Paederini;Paederinae;Staphylinidae;Staphylinoidea;Coleoptera;Katalog over Danmarks biller (Catalogue of the Coleoptera of Denmark). Entomologiske Meddelelser 64: 1-231;;Ja;(Erichson, 1839);;Rovbiller;;112;113;;;;;;;;
Scopaeus minutus;Scopaeus;Paederini;Paederinae;Staphylinidae;Staphylinoidea;Coleoptera;Katalog over Danmarks biller (Catalogue of the Coleoptera of Denmark). Entomologiske Meddelelser 64: 1-231;;Ja;Erichson, 1840;;Rovbiller;;109;110;111;;;;;;;
Scopaeus sulcicollis;Scopaeus;Paederini;Paederinae;Staphylinidae;Staphylinoidea;Coleoptera;Katalog over Danmarks biller (Catalogue of the Coleoptera of Denmark). Entomologiske Meddelelser 64: 1-231;;Ja;(Stephens, 1833);;Rovbiller;cognatus;106;107;108;;;;;;;
Staphylinus caesareus;Staphylinus;Staphylinini;Staphylininae;Staphylinidae;Staphylinoidea;Coleoptera;Katalog over Danmarks biller (Catalogue of the Coleoptera of Denmark). Entomologiske Meddelelser 64: 1-231;;Ja;Cederhjelm, 1798;Kejserrovbille;Rovbiller;;467;468;;;;;;;;
Staphylinus dimidiaticornis;Staphylinus;Staphylinini;Staphylininae;Staphylinidae;Staphylinoidea;Coleoptera;Katalog over Danmarks biller (Catalogue of the Coleoptera of Denmark). Entomologiske Meddelelser 64: 1-231;;Ja;Gemminger, 1851;Sortkindet kejserrovbille;Rovbiller;parumtomentosus;469;470;;;;;;;;
Staphylinus erythropterus;Staphylinus;Staphylinini;Staphylininae;Staphylinidae;Staphylinoidea;Coleoptera;Katalog over Danmarks biller (Catalogue of the Coleoptera of Denmark). Entomologiske Meddelelser 64: 1-231;;Ja;Linnaeus, 1758;Rødvinget rovbille;Rovbiller;;471;472;;;;;;;;
Sunius bicolor;Sunius;Paederini;Paederinae;Staphylinidae;Staphylinoidea;Coleoptera;Katalog over Danmarks biller (Catalogue of the Coleoptera of Denmark). Entomologiske Meddelelser 64: 1-231;;Ja;(Olivier, 1795);;Rovbiller;;84;85;86;87;;;;;;
Sunius melanocephalus;Sunius;Paederini;Paederinae;Staphylinidae;Staphylinoidea;Coleoptera;Katalog over Danmarks biller (Catalogue of the Coleoptera of Denmark). Entomologiske Meddelelser 64: 1-231;;Ja;(Fabricius, 1792);;Rovbiller;;79;80;81;82;83;;;;;
Tasgius ater;Tasgius;Staphylinini;Staphylininae;Staphylinidae;Staphylinoidea;Coleoptera;Katalog over Danmarks biller (Catalogue of the Coleoptera of Denmark). Entomologiske Meddelelser 64: 1-231;;Ja;(Gravenhorst, 1802);;Rovbiller;;456;457;;;;;;;;
Tasgius globulifer;Tasgius;Staphylinini;Staphylininae;Staphylinidae;Staphylinoidea;Coleoptera;Katalog over Danmarks biller (Catalogue of the Coleoptera of Denmark). Entomologiske Meddelelser 64: 1-231;;Ja;(Geoffroy, 1785);;Rovbiller;siculus;463;464;;;;;;;;
Tasgius melanarius;Tasgius;Staphylinini;Staphylininae;Staphylinidae;Staphylinoidea;Coleoptera;Katalog over Danmarks biller (Catalogue of the Coleoptera of Denmark). Entomologiske Meddelelser 64: 1-231;;Ja;(Heer, 1839);;Rovbiller;;465;466;;;;;;;;
Tasgius morsitans;Tasgius;Staphylinini;Staphylininae;Staphylinidae;Staphylinoidea;Coleoptera;Katalog over Danmarks biller (Catalogue of the Coleoptera of Denmark). Entomologiske Meddelelser 64: 1-231;;Ja;(Rossi, 1790);;Rovbiller;compressus;459;460;;;;;;;;
Tasgius pedator;Tasgius;Staphylinini;Staphylininae;Staphylinidae;Staphylinoidea;Coleoptera;Fund af biller i Danmark, 1998 (Coleoptera). Entomologiske Meddelelser 67: 71-102;;Ja;(Gravenhorst, 1802);;Rovbiller;;458;;;;;;;;;
Tasgius winkleri;Tasgius;Staphylinini;Staphylininae;Staphylinidae;Staphylinoidea;Coleoptera;Katalog over Danmarks biller (Catalogue of the Coleoptera of Denmark). Entomologiske Meddelelser 64: 1-231;;Ja;(Bernhauer, 1906);;Rovbiller;;461;462;;;;;;;;
Tetartopeus quadratus;Tetartopeus;Paederini;Paederinae;Staphylinidae;Staphylinoidea;Coleoptera;Katalog over Danmarks biller (Catalogue of the Coleoptera of Denmark). Entomologiske Meddelelser 64: 1-231;;Ja;(Paykull, 1789);;Rovbiller;;118;119;120;121;122;;;;;
Tetartopeus rufonitidus;Tetartopeus;Paederini;Paederinae;Staphylinidae;Staphylinoidea;Coleoptera;Katalog over Danmarks biller (Catalogue of the Coleoptera of Denmark). Entomologiske Meddelelser 64: 1-231;;Ja;(Reitter, 1909);;Rovbiller;fennicum;129;130;;;;;;;;
Tetartopeus terminatus;Tetartopeus;Paederini;Paederinae;Staphylinidae;Staphylinoidea;Coleoptera;Katalog over Danmarks biller (Catalogue of the Coleoptera of Denmark). Entomologiske Meddelelser 64: 1-231;;Ja;(Gravenhorst, 1802);;Rovbiller;terminatum;123;124;125;126;127;128;;;;
Velleius dilatatus;Velleius;Staphylinini;Staphylininae;Staphylinidae;Staphylinoidea;Coleoptera;Katalog over Danmarks biller (Catalogue of the Coleoptera of Denmark). Entomologiske Meddelelser 64: 1-231;;Ja;(Fabricius, 1787);;Rovbiller;;490;491;;;;;;;;
Xantholinus dvoraki;Xantholinus;Xantholinini;Staphylininae;Staphylinidae;Staphylinoidea;Coleoptera;Katalog over Danmarks biller (Catalogue of the Coleoptera of Denmark). Entomologiske Meddelelser 64: 1-231;;Ja;Coiffait,1956;;Rovbiller;roubali;613;614;615;;;;;;;
Xantholinus gallicus;Xantholinus;Xantholinini;Staphylininae;Staphylinidae;Staphylinoidea;Coleoptera;Katalog over Danmarks biller (Catalogue of the Coleoptera of Denmark). Entomologiske Meddelelser 64: 1-231;;Ja;Coiffait,1956;;Rovbiller;rhenanus;616;617;618;;;;;;;
Xantholinus laevigatus;Xantholinus;Xantholinini;Staphylininae;Staphylinidae;Staphylinoidea;Coleoptera;Katalog over Danmarks biller (Catalogue of the Coleoptera of Denmark). Entomologiske Meddelelser 64: 1-231;;Ja;Jacobson,1849;;Rovbiller;clairei;609;610;;;;;;;;
Xantholinus linearis;Xantholinus;Xantholinini;Staphylininae;Staphylinidae;Staphylinoidea;Coleoptera;Katalog over Danmarks biller (Catalogue of the Coleoptera of Denmark). Entomologiske Meddelelser 64: 1-231;;Ja;(Olivier, 1795);;Rovbiller;;611;;;;;;;;;
Xantholinus longiventris;Xantholinus;Xantholinini;Staphylininae;Staphylinidae;Staphylinoidea;Coleoptera;Katalog over Danmarks biller (Catalogue of the Coleoptera of Denmark). Entomologiske Meddelelser 64: 1-231;;Ja;Heer, 1839;;Rovbiller;;612;;;;;;;;;
Xantholinus tricolor;Xantholinus;Xantholinini;Staphylininae;Staphylinidae;Staphylinoidea;Coleoptera;Katalog over Danmarks biller (Catalogue of the Coleoptera of Denmark). Entomologiske Meddelelser 64: 1-231;;Ja;(Fabricius, 1787);;Rovbiller;;607;608;;;;;;;;
