Art (Niveau 1);Slægt (Niveau 2);Tribus (Niveau 3);Underfamilie (Niveau 4);Familie (Niveau 5);Overfamilie (Niveau 6);Orden (Niveau 7);Referencetekst;Den_danske_roedliste;Dansk;Autor;Dansk_navn;Familie_dk;Synonymer
Achenium humile;Achenium;Paederini;Paederinae;Staphylinidae;Staphylinoidea;Coleoptera;Katalog over Danmarks biller (Catalogue of the Coleoptera of Denmark). Entomologiske Meddelelser 64: 1-231;;Ja;(Nicolai, 1822);;Rovbiller;
Acylophorus glaberrimus;Acylophorus;Staphylinini;Staphylininae;Staphylinidae;Staphylinoidea;Coleoptera;Katalog over Danmarks biller (Catalogue of the Coleoptera of Denmark). Entomologiske Meddelelser 64: 1-231;;Ja;(Herbst, 1784);;Rovbiller;
Acylophorus wagenschieberi;Acylophorus;Staphylinini;Staphylininae;Staphylinidae;Staphylinoidea;Coleoptera;Katalog over Danmarks biller (Catalogue of the Coleoptera of Denmark). Entomologiske Meddelelser 64: 1-231;;Ja;Kiesenwetter, 1850;;Rovbiller;
Astenus gracilis;Astenus;Paederini;Paederinae;Staphylinidae;Staphylinoidea;Coleoptera;Katalog over Danmarks biller (Catalogue of the Coleoptera of Denmark). Entomologiske Meddelelser 64: 1-231;;Ja;(Paykull, 1789);;Rovbiller;angustatus
Astenus immaculatus;Astenus;Paederini;Paederinae;Staphylinidae;Staphylinoidea;Coleoptera;Katalog over Danmarks biller (Catalogue of the Coleoptera of Denmark). Entomologiske Meddelelser 64: 1-231;;Ja;Stephens, 1833;;Rovbiller;
Astenus lyonessius;Astenus;Paederini;Paederinae;Staphylinidae;Staphylinoidea;Coleoptera;Katalog over Danmarks biller (Catalogue of the Coleoptera of Denmark). Entomologiske Meddelelser 64: 1-231;;Ja;(Joy, 1908);;Rovbiller;longelytratus
Astenus procerus;Astenus;Paederini;Paederinae;Staphylinidae;Staphylinoidea;Coleoptera;Katalog over Danmarks biller (Catalogue of the Coleoptera of Denmark). Entomologiske Meddelelser 64: 1-231;;Ja;(Gravenhorst, 1802);;Rovbiller;filiformis
Astenus pulchellus;Astenus;Paederini;Paederinae;Staphylinidae;Staphylinoidea;Coleoptera;Katalog over Danmarks biller (Catalogue of the Coleoptera of Denmark). Entomologiske Meddelelser 64: 1-231;;Ja;(Heer, 1839);;Rovbiller;
Atrecus affinis;Atrecus;Othiini;Staphylininae;Staphylinidae;Staphylinoidea;Coleoptera;Katalog over Danmarks biller (Catalogue of the Coleoptera of Denmark). Entomologiske Meddelelser 64: 1-231;;Ja;(Paykull, 1789);;Rovbiller;
Atrecus longiceps;Atrecus;Othiini;Staphylininae;Staphylinidae;Staphylinoidea;Coleoptera;Katalog over Danmarks biller (Catalogue of the Coleoptera of Denmark). Entomologiske Meddelelser 64: 1-231;;Ja;(Fauvel, 1873);;Rovbiller;
Bisnius cephalotes;Bisnius;Staphylinini;Staphylininae;Staphylinidae;Staphylinoidea;Coleoptera;Katalog over Danmarks biller (Catalogue of the Coleoptera of Denmark). Entomologiske Meddelelser 64: 1-231;;Ja;(Gravenhorst, 1802);;Rovbiller;
Bisnius fimetarius;Bisnius;Staphylinini;Staphylininae;Staphylinidae;Staphylinoidea;Coleoptera;Katalog over Danmarks biller (Catalogue of the Coleoptera of Denmark). Entomologiske Meddelelser 64: 1-231;;Ja;(Gravenhorst, 1802);;Rovbiller;
Bisnius nigriventris;Bisnius;Staphylinini;Staphylininae;Staphylinidae;Staphylinoidea;Coleoptera;Katalog over Danmarks biller (Catalogue of the Coleoptera of Denmark). Entomologiske Meddelelser 64: 1-231;;Ja;(Thomson, 1867);;Rovbiller;
Bisnius nitidulus;Bisnius;Staphylinini;Staphylininae;Staphylinidae;Staphylinoidea;Coleoptera;Katalog over Danmarks biller (Catalogue of the Coleoptera of Denmark). Entomologiske Meddelelser 64: 1-231;;Ja;(Gravenhorst, 1802);;Rovbiller;
Bisnius parcus;Bisnius;Staphylinini;Staphylininae;Staphylinidae;Staphylinoidea;Coleoptera;Katalog over Danmarks biller (Catalogue of the Coleoptera of Denmark). Entomologiske Meddelelser 64: 1-231;;Ja;(Sharp, 1874);;Rovbiller;
Bisnius pseudoparcus;Bisnius;Staphylinini;Staphylininae;Staphylinidae;Staphylinoidea;Coleoptera;Katalog over Danmarks biller (Catalogue of the Coleoptera of Denmark). Entomologiske Meddelelser 64: 1-231;;Ja;(Brunne, 1976);;Rovbiller;
Bisnius puella;Bisnius;Staphylinini;Staphylininae;Staphylinidae;Staphylinoidea;Coleoptera;Katalog over Danmarks biller (Catalogue of the Coleoptera of Denmark). Entomologiske Meddelelser 64: 1-231;;Ja;(Nordmann, 1837);;Rovbiller;
Bisnius sordidus;Bisnius;Staphylinini;Staphylininae;Staphylinidae;Staphylinoidea;Coleoptera;Katalog over Danmarks biller (Catalogue of the Coleoptera of Denmark). Entomologiske Meddelelser 64: 1-231;;Ja;(Gravenhorst, 1802);;Rovbiller;
Bisnius subuliformis;Bisnius;Staphylinini;Staphylininae;Staphylinidae;Staphylinoidea;Coleoptera;Katalog over Danmarks biller (Catalogue of the Coleoptera of Denmark). Entomologiske Meddelelser 64: 1-231;;Ja;(Gravenhorst, 1802);;Rovbiller;fuscus
Cafius xantholoma;Cafius;Staphylinini;Staphylininae;Staphylinidae;Staphylinoidea;Coleoptera;Katalog over Danmarks biller (Catalogue of the Coleoptera of Denmark). Entomologiske Meddelelser 64: 1-231;;Ja;(Gravenhorst, 1806);Strandrovbille;Rovbiller;
Creophilus maxillosus;Creophilus;Staphylinini;Staphylininae;Staphylinidae;Staphylinoidea;Coleoptera;Katalog over Danmarks biller (Catalogue of the Coleoptera of Denmark). Entomologiske Meddelelser 64: 1-231;;Ja;(Linnaeus, 1758);Skrækrovbille;Rovbiller;
Dinothenarus pubescens;Dinothenarus;Staphylinini;Staphylininae;Staphylinidae;Staphylinoidea;Coleoptera;Katalog over Danmarks biller (Catalogue of the Coleoptera of Denmark). Entomologiske Meddelelser 64: 1-231;;Ja;De Geer, 1774;;Rovbiller;
Emus hirtus;Emus;Staphylinini;Staphylininae;Staphylinidae;Staphylinoidea;Coleoptera;Katalog over Danmarks biller (Catalogue of the Coleoptera of Denmark). Entomologiske Meddelelser 64: 1-231;;Ja;(Linnaeus, 1758);Humlerovbille;Rovbiller;
Erichsonius cinerascens;Erichsonius;Staphylinini;Staphylininae;Staphylinidae;Staphylinoidea;Coleoptera;Katalog over Danmarks biller (Catalogue of the Coleoptera of Denmark). Entomologiske Meddelelser 64: 1-231;;Ja;(Gravenhorst, 1802);;Rovbiller;
Euryporus picipes;Euryporus;Staphylinini;Staphylininae;Staphylinidae;Staphylinoidea;Coleoptera;Katalog over Danmarks biller (Catalogue of the Coleoptera of Denmark). Entomologiske Meddelelser 64: 1-231;;Ja;(Paykull, 1800);;Rovbiller;
Gabrius appendiculatus;Gabrius;Staphylinini;Staphylininae;Staphylinidae;Staphylinoidea;Coleoptera;Katalog over Danmarks biller (Catalogue of the Coleoptera of Denmark). Entomologiske Meddelelser 64: 1-231;;Ja;Sharp, 1910;;Rovbiller;subnigritulus
Gabrius austriacus;Gabrius;Staphylinini;Staphylininae;Staphylinidae;Staphylinoidea;Coleoptera;Katalog over Danmarks biller (Catalogue of the Coleoptera of Denmark). Entomologiske Meddelelser 64: 1-231;;Ja;Sheerpeltz, 1947;;Rovbiller;velox
Gabrius breviventer;Gabrius;Staphylinini;Staphylininae;Staphylinidae;Staphylinoidea;Coleoptera;Katalog over Danmarks biller (Catalogue of the Coleoptera of Denmark). Entomologiske Meddelelser 64: 1-231;;Ja;(Sperk, 1835);;Rovbiller;coxalus
Gabrius exiguus;Gabrius;Staphylinini;Staphylininae;Staphylinidae;Staphylinoidea;Coleoptera;Katalog over Danmarks biller (Catalogue of the Coleoptera of Denmark). Entomologiske Meddelelser 64: 1-231;;Ja;(Nordmann, 1837);;Rovbiller;
Gabrius keysianus;Gabrius;Staphylinini;Staphylininae;Staphylinidae;Staphylinoidea;Coleoptera;Katalog over Danmarks biller (Catalogue of the Coleoptera of Denmark). Entomologiske Meddelelser 64: 1-231;;Ja;Sharp, 1910;;Rovbiller;
Gabrius nigritulus;Gabrius;Staphylinini;Staphylininae;Staphylinidae;Staphylinoidea;Coleoptera;Katalog over Danmarks biller (Catalogue of the Coleoptera of Denmark). Entomologiske Meddelelser 64: 1-231;;Ja;(Gravenhorst, 1802);;Rovbiller;
Gabrius osseticus;Gabrius;Staphylinini;Staphylininae;Staphylinidae;Staphylinoidea;Coleoptera;Katalog over Danmarks biller (Catalogue of the Coleoptera of Denmark). Entomologiske Meddelelser 64: 1-231;;Ja;(Kolenati, 1846);;Rovbiller;vernalis
Gabrius piliger;Gabrius;Staphylinini;Staphylininae;Staphylinidae;Staphylinoidea;Coleoptera;Fund af biller i Danmark, 2001 (Coleoptera). Entomologiske Meddelelser 70: 81-110;;Ja;Mulsant & Rey, 1876;;Rovbiller;
Gabrius splendidulus;Gabrius;Staphylinini;Staphylininae;Staphylinidae;Staphylinoidea;Coleoptera;Katalog over Danmarks biller (Catalogue of the Coleoptera of Denmark). Entomologiske Meddelelser 64: 1-231;;Ja;(Gravenhorst, 1802);;Rovbiller;
Gabrius toxotes;Gabrius;Staphylinini;Staphylininae;Staphylinidae;Staphylinoidea;Coleoptera;Katalog over Danmarks biller (Catalogue of the Coleoptera of Denmark). Entomologiske Meddelelser 64: 1-231;;Ja;Joy, 1913;;Rovbiller;
Gabrius trossulus;Gabrius;Staphylinini;Staphylininae;Staphylinidae;Staphylinoidea;Coleoptera;Katalog over Danmarks biller (Catalogue of the Coleoptera of Denmark). Entomologiske Meddelelser 64: 1-231;;Ja;(Nordmann, 1837);;Rovbiller;
Gabronthus thermarum;Gabronthus;Staphylinini;Staphylininae;Staphylinidae;Staphylinoidea;Coleoptera;Katalog over Danmarks biller (Catalogue of the Coleoptera of Denmark). Entomologiske Meddelelser 64: 1-231;;Ja;(Aubé, 1850);;Rovbiller;
Gauropterus fulgidus;Gauropterus;Xantholinini;Staphylininae;Staphylinidae;Staphylinoidea;Coleoptera;Katalog over Danmarks biller (Catalogue of the Coleoptera of Denmark). Entomologiske Meddelelser 64: 1-231;;Ja;(Fabricius, 1787);;Rovbiller;
Gyrohypnus angustatus;Gyrohypnus;Xantholinini;Staphylininae;Staphylinidae;Staphylinoidea;Coleoptera;Katalog over Danmarks biller (Catalogue of the Coleoptera of Denmark). Entomologiske Meddelelser 64: 1-231;;Ja;Stephens, 1833;;Rovbiller;
Gyrohypnus atratus;Gyrohypnus;Xantholinini;Staphylininae;Staphylinidae;Staphylinoidea;Coleoptera;Katalog over Danmarks biller (Catalogue of the Coleoptera of Denmark). Entomologiske Meddelelser 64: 1-231;;Ja;(Heer, 1839);;Rovbiller;
Gyrohypnus fracticornis;Gyrohypnus;Xantholinini;Staphylininae;Staphylinidae;Staphylinoidea;Coleoptera;Katalog over Danmarks biller (Catalogue of the Coleoptera of Denmark). Entomologiske Meddelelser 64: 1-231;;Ja;(Müller, 1776);;Rovbiller;
Gyrohypnus punctulatus;Gyrohypnus;Xantholinini;Staphylininae;Staphylinidae;Staphylinoidea;Coleoptera;Katalog over Danmarks biller (Catalogue of the Coleoptera of Denmark). Entomologiske Meddelelser 64: 1-231;;Ja;(Paykull, 1789);;Rovbiller;liebei
Heterothops binotatus;Heterothops;Staphylinini;Staphylininae;Staphylinidae;Staphylinoidea;Coleoptera;Katalog over Danmarks biller (Catalogue of the Coleoptera of Denmark). Entomologiske Meddelelser 64: 1-231;;Ja;(Gravenhorst, 1802);;Rovbiller;
Heterothops dissimilis;Heterothops;Staphylinini;Staphylininae;Staphylinidae;Staphylinoidea;Coleoptera;Katalog over Danmarks biller (Catalogue of the Coleoptera of Denmark). Entomologiske Meddelelser 64: 1-231;;Ja;(Gravenhorst, 1802);;Rovbiller;
Heterothops minutus;Heterothops;Staphylinini;Staphylininae;Staphylinidae;Staphylinoidea;Coleoptera;Katalog over Danmarks biller (Catalogue of the Coleoptera of Denmark). Entomologiske Meddelelser 64: 1-231;;Ja;Wollaston, 1860;;Rovbiller;
Heterothops niger;Heterothops;Staphylinini;Staphylininae;Staphylinidae;Staphylinoidea;Coleoptera;Katalog over Danmarks biller (Catalogue of the Coleoptera of Denmark). Entomologiske Meddelelser 64: 1-231;;Ja;Kraatz, 1868;;Rovbiller;
Heterothops praevius;Heterothops;Staphylinini;Staphylininae;Staphylinidae;Staphylinoidea;Coleoptera;Katalog over Danmarks biller (Catalogue of the Coleoptera of Denmark). Entomologiske Meddelelser 64: 1-231;;Ja;Erichson, 1839;;Rovbiller;
Heterothops quadripunctulus;Heterothops;Staphylinini;Staphylininae;Staphylinidae;Staphylinoidea;Coleoptera;Katalog over Danmarks biller (Catalogue of the Coleoptera of Denmark). Entomologiske Meddelelser 64: 1-231;;Ja;(Gravenhorst, 1806);;Rovbiller;
Heterothops stiglundbergi;Heterothops;Staphylinini;Staphylininae;Staphylinidae;Staphylinoidea;Coleoptera;Katalog over Danmarks biller (Catalogue of the Coleoptera of Denmark). Entomologiske Meddelelser 64: 1-231;;Ja;Israelson, 1979;;Rovbiller;
Hypomedon debilicornis;Hypomedon;Paederini;Paederinae;Staphylinidae;Staphylinoidea;Coleoptera;http://www.fugleognatur.dk/artintro.asp?ID=42927;;Ja;Wollaston, 1857;;Rovbiller;
Lathrobium brunnipes;Lathrobium;Paederini;Paederinae;Staphylinidae;Staphylinoidea;Coleoptera;Katalog over Danmarks biller (Catalogue of the Coleoptera of Denmark). Entomologiske Meddelelser 64: 1-231;;Ja;(Fabricius, 1793);;Rovbiller;
Lathrobium castaneipenne;Lathrobium;Paederini;Paederinae;Staphylinidae;Staphylinoidea;Coleoptera;Fund af biller i Danmark, 1997 (Coleoptera). Entomologiske Meddelelser 66: 65-93;;Ja;Kolenati, 1846;;Rovbiller;
Lathrobium dilutum;Lathrobium;Paederini;Paederinae;Staphylinidae;Staphylinoidea;Coleoptera;Katalog over Danmarks biller (Catalogue of the Coleoptera of Denmark). Entomologiske Meddelelser 64: 1-231;;Ja;Erichson, 1839;;Rovbiller;
Lathrobium elongatum;Lathrobium;Paederini;Paederinae;Staphylinidae;Staphylinoidea;Coleoptera;Katalog over Danmarks biller (Catalogue of the Coleoptera of Denmark). Entomologiske Meddelelser 64: 1-231;;Ja;(Linnaeus, 1767);;Rovbiller;
Lathrobium fovulum;Lathrobium;Paederini;Paederinae;Staphylinidae;Staphylinoidea;Coleoptera;Katalog over Danmarks biller (Catalogue of the Coleoptera of Denmark). Entomologiske Meddelelser 64: 1-231;;Ja;Stephens, 1833;;Rovbiller;
Lathrobium fulvipenne;Lathrobium;Paederini;Paederinae;Staphylinidae;Staphylinoidea;Coleoptera;Katalog over Danmarks biller (Catalogue of the Coleoptera of Denmark). Entomologiske Meddelelser 64: 1-231;;Ja;(Gravenhorst, 1806);;Rovbiller;
Lathrobium geminum;Lathrobium;Paederini;Paederinae;Staphylinidae;Staphylinoidea;Coleoptera;Katalog over Danmarks biller (Catalogue of the Coleoptera of Denmark). Entomologiske Meddelelser 64: 1-231;;Ja;Kraatz, 1857;;Rovbiller;volgense
Lathrobium impressum;Lathrobium;Paederini;Paederinae;Staphylinidae;Staphylinoidea;Coleoptera;Katalog over Danmarks biller (Catalogue of the Coleoptera of Denmark). Entomologiske Meddelelser 64: 1-231;;Ja;Heer, 1841;;Rovbiller;filiforme
Lathrobium longulum;Lathrobium;Paederini;Paederinae;Staphylinidae;Staphylinoidea;Coleoptera;Katalog over Danmarks biller (Catalogue of the Coleoptera of Denmark). Entomologiske Meddelelser 64: 1-231;;Ja;Gravenhorst, 1802;;Rovbiller;
Lathrobium pallidipenne;Lathrobium;Paederini;Paederinae;Staphylinidae;Staphylinoidea;Coleoptera;Katalog over Danmarks biller (Catalogue of the Coleoptera of Denmark). Entomologiske Meddelelser 64: 1-231;;Ja;Hochhuth, 1851;;Rovbiller;ripicola
Lathrobium pallidum;Lathrobium;Paederini;Paederinae;Staphylinidae;Staphylinoidea;Coleoptera;Katalog over Danmarks biller (Catalogue of the Coleoptera of Denmark). Entomologiske Meddelelser 64: 1-231;;Ja;Nordmann, 1837;;Rovbiller;
Lathrobium rufipenne;Lathrobium;Paederini;Paederinae;Staphylinidae;Staphylinoidea;Coleoptera;Katalog over Danmarks biller (Catalogue of the Coleoptera of Denmark). Entomologiske Meddelelser 64: 1-231;;Ja;Gyllenhal, 1813;;Rovbiller;
Leptacinus batychrus;Leptacinus;Xantholinini;Staphylininae;Staphylinidae;Staphylinoidea;Coleoptera;Katalog over Danmarks biller (Catalogue of the Coleoptera of Denmark). Entomologiske Meddelelser 64: 1-231;;Ja;(Gyllenhal, 1827);;Rovbiller;
Leptacinus formicetorum;Leptacinus;Xantholinini;Staphylininae;Staphylinidae;Staphylinoidea;Coleoptera;Katalog over Danmarks biller (Catalogue of the Coleoptera of Denmark). Entomologiske Meddelelser 64: 1-231;;Ja;Märkel, 1841;;Rovbiller;
Leptacinus intermedius;Leptacinus;Xantholinini;Staphylininae;Staphylinidae;Staphylinoidea;Coleoptera;Katalog over Danmarks biller (Catalogue of the Coleoptera of Denmark). Entomologiske Meddelelser 64: 1-231;;Ja;Donisthorpe, 1936;;Rovbiller;
Leptacinus pusillus;Leptacinus;Xantholinini;Staphylininae;Staphylinidae;Staphylinoidea;Coleoptera;Katalog over Danmarks biller (Catalogue of the Coleoptera of Denmark). Entomologiske Meddelelser 64: 1-231;;Ja;(Stephens, 1833);;Rovbiller;linearis
Leptacinus sulcifrons;Leptacinus;Xantholinini;Staphylininae;Staphylinidae;Staphylinoidea;Coleoptera;Fund af biller i Danmark, 2006 og 2007 (Coleoptera). Entomologiske Meddelelser 76: 105-144;;Ja;(Stephens, 1833);;Rovbiller;
Lithocharis nigriceps;Lithocharis;Paederini;Paederinae;Staphylinidae;Staphylinoidea;Coleoptera;Katalog over Danmarks biller (Catalogue of the Coleoptera of Denmark). Entomologiske Meddelelser 64: 1-231;;Ja;Kraatz, 1859;;Rovbiller;
Lithocharis ochracea;Lithocharis;Paederini;Paederinae;Staphylinidae;Staphylinoidea;Coleoptera;Katalog over Danmarks biller (Catalogue of the Coleoptera of Denmark). Entomologiske Meddelelser 64: 1-231;;Ja;(Gravenhorst, 1802);;Rovbiller;
Lobrathium multipunctum;Lobrathium;Paederini;Paederinae;Staphylinidae;Staphylinoidea;Coleoptera;Katalog over Danmarks biller (Catalogue of the Coleoptera of Denmark). Entomologiske Meddelelser 64: 1-231;;Ja;(Gravenhorst, 1802);;Rovbiller;
Medon apicalis;Medon;Paederini;Paederinae;Staphylinidae;Staphylinoidea;Coleoptera;Katalog over Danmarks biller (Catalogue of the Coleoptera of Denmark). Entomologiske Meddelelser 64: 1-231;;Ja;(Kraatz, 1857);;Rovbiller;
Medon brunneus;Medon;Paederini;Paederinae;Staphylinidae;Staphylinoidea;Coleoptera;Katalog over Danmarks biller (Catalogue of the Coleoptera of Denmark). Entomologiske Meddelelser 64: 1-231;;Ja;(Erichson, 1839);;Rovbiller;
Medon castaneus;Medon;Paederini;Paederinae;Staphylinidae;Staphylinoidea;Coleoptera;Katalog over Danmarks biller (Catalogue of the Coleoptera of Denmark). Entomologiske Meddelelser 64: 1-231;;Ja;(Gravenhorst, 1802);;Rovbiller;
Medon ripicola;Medon;Paederini;Paederinae;Staphylinidae;Staphylinoidea;Coleoptera;Katalog over Danmarks biller (Catalogue of the Coleoptera of Denmark). Entomologiske Meddelelser 64: 1-231;;Ja;(Kraatz, 1854);;Rovbiller;
Megalinus glabratus;Megalinus;Xantholinini;Staphylininae;Staphylinidae;Staphylinoidea;Coleoptera;Katalog over Danmarks biller (Catalogue of the Coleoptera of Denmark). Entomologiske Meddelelser 64: 1-231;;Ja;(Gravenhorst, 1802);;Rovbiller;
Neobisnius lathrobioides;Neobisnius;Staphylinini;Staphylininae;Staphylinidae;Staphylinoidea;Coleoptera;Katalog over Danmarks biller (Catalogue of the Coleoptera of Denmark). Entomologiske Meddelelser 64: 1-231;;Ja;(Baudi, 1848);;Rovbiller;cerrutii
Neobisnius procerulus;Neobisnius;Staphylinini;Staphylininae;Staphylinidae;Staphylinoidea;Coleoptera;Katalog over Danmarks biller (Catalogue of the Coleoptera of Denmark). Entomologiske Meddelelser 64: 1-231;;Ja;(Gravenhorst, 1806);;Rovbiller;
Neobisnius villosulus;Neobisnius;Staphylinini;Staphylininae;Staphylinidae;Staphylinoidea;Coleoptera;Katalog over Danmarks biller (Catalogue of the Coleoptera of Denmark). Entomologiske Meddelelser 64: 1-231;;Ja;(Stephens, 1833);;Rovbiller;
Nudobius lentus;Nudobius;Xantholinini;Staphylininae;Staphylinidae;Staphylinoidea;Coleoptera;Katalog over Danmarks biller (Catalogue of the Coleoptera of Denmark). Entomologiske Meddelelser 64: 1-231;;Ja;(Gravenhorst, 1806);;Rovbiller;
Ochthephilum collare;Ochthephilum;Paederini;Paederinae;Staphylinidae;Staphylinoidea;Coleoptera;Katalog over Danmarks biller (Catalogue of the Coleoptera of Denmark). Entomologiske Meddelelser 64: 1-231;;Ja;(Reitter, 1884);;Rovbiller;
Ochthephilum fracticorne;Ochthephilum;Paederini;Paederinae;Staphylinidae;Staphylinoidea;Coleoptera;Katalog over Danmarks biller (Catalogue of the Coleoptera of Denmark). Entomologiske Meddelelser 64: 1-231;;Ja;(Paykull, 1800);;Rovbiller;
Ocypus aeneocephalus;Ocypus;Staphylinini;Staphylininae;Staphylinidae;Staphylinoidea;Coleoptera;Katalog over Danmarks biller (Catalogue of the Coleoptera of Denmark). Entomologiske Meddelelser 64: 1-231;;Ja;(De Geer, 1774);;Rovbiller;
Ocypus brunnipes;Ocypus;Staphylinini;Staphylininae;Staphylinidae;Staphylinoidea;Coleoptera;Katalog over Danmarks biller (Catalogue of the Coleoptera of Denmark). Entomologiske Meddelelser 64: 1-231;;Ja;(Fabricius, 1781);;Rovbiller;
Ocypus fuscatus;Ocypus;Staphylinini;Staphylininae;Staphylinidae;Staphylinoidea;Coleoptera;Katalog over Danmarks biller (Catalogue of the Coleoptera of Denmark). Entomologiske Meddelelser 64: 1-231;;Ja;(Gravenhorst, 1802);;Rovbiller;
Ocypus nitens;Ocypus;Staphylinini;Staphylininae;Staphylinidae;Staphylinoidea;Coleoptera;Katalog over Danmarks biller (Catalogue of the Coleoptera of Denmark). Entomologiske Meddelelser 64: 1-231;;Ja;(Schrank, 1781);;Rovbiller;similis
Ocypus olens;Ocypus;Staphylinini;Staphylininae;Staphylinidae;Staphylinoidea;Coleoptera;Katalog over Danmarks biller (Catalogue of the Coleoptera of Denmark). Entomologiske Meddelelser 64: 1-231;;Ja;(Müller, 1764);Stor rovbille;Rovbiller;
Ocypus ophthalmicus;Ocypus;Staphylinini;Staphylininae;Staphylinidae;Staphylinoidea;Coleoptera;Katalog over Danmarks biller (Catalogue of the Coleoptera of Denmark). Entomologiske Meddelelser 64: 1-231;;Ja;(Scopoli, 1763);Blå kæmperovbille;Rovbiller;
Ocypus picipennis;Ocypus;Staphylinini;Staphylininae;Staphylinidae;Staphylinoidea;Coleoptera;Katalog over Danmarks biller (Catalogue of the Coleoptera of Denmark). Entomologiske Meddelelser 64: 1-231;;Ja;(Fabricius, 1793);;Rovbiller;
Ontholestes murinus;Ontholestes;Staphylinini;Staphylininae;Staphylinidae;Staphylinoidea;Coleoptera;Katalog over Danmarks biller (Catalogue of the Coleoptera of Denmark). Entomologiske Meddelelser 64: 1-231;;Ja;(Linnaeus, 1758);Lille jagtrovbille;Rovbiller;
Ontholestes tessellatus;Ontholestes;Staphylinini;Staphylininae;Staphylinidae;Staphylinoidea;Coleoptera;Katalog over Danmarks biller (Catalogue of the Coleoptera of Denmark). Entomologiske Meddelelser 64: 1-231;;Ja;(Geoffroy, 1785);Stor jagtrovbille;Rovbiller;
Othius angustus;Othius;Othiini;Staphylininae;Staphylinidae;Staphylinoidea;Coleoptera;Katalog over Danmarks biller (Catalogue of the Coleoptera of Denmark). Entomologiske Meddelelser 64: 1-231;;Ja;Stephens, 1833;;Rovbiller;melanocephalus
Othius punctulatus;Othius;Othiini;Staphylininae;Staphylinidae;Staphylinoidea;Coleoptera;Katalog over Danmarks biller (Catalogue of the Coleoptera of Denmark). Entomologiske Meddelelser 64: 1-231;;Ja;(Goeze, 1777);;Rovbiller;
Othius subuliformis;Othius;Othiini;Staphylininae;Staphylinidae;Staphylinoidea;Coleoptera;Katalog over Danmarks biller (Catalogue of the Coleoptera of Denmark). Entomologiske Meddelelser 64: 1-231;;Ja;Stephens, 1833;;Rovbiller;myrmecophilus
Paederidus ruficollis;Paederidus;Paederini;Paederinae;Staphylinidae;Staphylinoidea;Coleoptera;Katalog over Danmarks biller (Catalogue of the Coleoptera of Denmark). Entomologiske Meddelelser 64: 1-231;;Ja;(Fabricius, 1777);;Rovbiller;
Paederus fuscipes;Paederus;Paederini;Paederinae;Staphylinidae;Staphylinoidea;Coleoptera;Katalog over Danmarks biller (Catalogue of the Coleoptera of Denmark). Entomologiske Meddelelser 64: 1-231;;Ja;Curtis, 1826;;Rovbiller;
Paederus littoralis;Paederus;Paederini;Paederinae;Staphylinidae;Staphylinoidea;Coleoptera;Katalog over Danmarks biller (Catalogue of the Coleoptera of Denmark). Entomologiske Meddelelser 64: 1-231;;Ja;Gravenhorst, 1802;;Rovbiller;
Paederus riparius;Paederus;Paederini;Paederinae;Staphylinidae;Staphylinoidea;Coleoptera;Katalog over Danmarks biller (Catalogue of the Coleoptera of Denmark). Entomologiske Meddelelser 64: 1-231;;Ja;(Linnaeus, 1758);Giftig rovbille;Rovbiller;
Phacophallus parumpunctatus;Phacophallus;Xantholinini;Staphylininae;Staphylinidae;Staphylinoidea;Coleoptera;Katalog over Danmarks biller (Catalogue of the Coleoptera of Denmark). Entomologiske Meddelelser 64: 1-231;;Ja;(Gyllenhal, 1827);;Rovbiller;
Philonthus addendus;Philonthus;Staphylinini;Staphylininae;Staphylinidae;Staphylinoidea;Coleoptera;Katalog over Danmarks biller (Catalogue of the Coleoptera of Denmark). Entomologiske Meddelelser 64: 1-231;;Ja;Sharp, 1867;;Rovbiller;
Philonthus albipes;Philonthus;Staphylinini;Staphylininae;Staphylinidae;Staphylinoidea;Coleoptera;Katalog over Danmarks biller (Catalogue of the Coleoptera of Denmark). Entomologiske Meddelelser 64: 1-231;;Ja;(Gravenhorst, 1802);;Rovbiller;
Philonthus alpinus;Philonthus;Staphylinini;Staphylininae;Staphylinidae;Staphylinoidea;Coleoptera;Katalog over Danmarks biller (Catalogue of the Coleoptera of Denmark). Entomologiske Meddelelser 64: 1-231;;Ja;Eppelsheim, 1875;;Rovbiller;
Philonthus atratus;Philonthus;Staphylinini;Staphylininae;Staphylinidae;Staphylinoidea;Coleoptera;Katalog over Danmarks biller (Catalogue of the Coleoptera of Denmark). Entomologiske Meddelelser 64: 1-231;;Ja;(Gravenhorst, 1802);;Rovbiller;
Philonthus binotatus;Philonthus;Staphylinini;Staphylininae;Staphylinidae;Staphylinoidea;Coleoptera;Katalog over Danmarks biller (Catalogue of the Coleoptera of Denmark). Entomologiske Meddelelser 64: 1-231;;Ja;(Gravenhorst, 1806);;Rovbiller;
Philonthus carbonarius;Philonthus;Staphylinini;Staphylininae;Staphylinidae;Staphylinoidea;Coleoptera;Katalog over Danmarks biller (Catalogue of the Coleoptera of Denmark). Entomologiske Meddelelser 64: 1-231;;Ja;(Gravenhorst, 1802);;Rovbiller;varius
Philonthus cognatus;Philonthus;Staphylinini;Staphylininae;Staphylinidae;Staphylinoidea;Coleoptera;Katalog over Danmarks biller (Catalogue of the Coleoptera of Denmark). Entomologiske Meddelelser 64: 1-231;;Ja;Stephens, 1832;;Rovbiller;fuscipennis
Philonthus concinnus;Philonthus;Staphylinini;Staphylininae;Staphylinidae;Staphylinoidea;Coleoptera;Katalog over Danmarks biller (Catalogue of the Coleoptera of Denmark). Entomologiske Meddelelser 64: 1-231;;Ja;(Gravenhorst, 1802);;Rovbiller;
Philonthus confinis;Philonthus;Staphylinini;Staphylininae;Staphylinidae;Staphylinoidea;Coleoptera;Katalog over Danmarks biller (Catalogue of the Coleoptera of Denmark). Entomologiske Meddelelser 64: 1-231;;Ja;Strand, 1941;;Rovbiller;
Philonthus coprophilus;Philonthus;Staphylinini;Staphylininae;Staphylinidae;Staphylinoidea;Coleoptera;Fund af biller i Danmark, 2003 (Coleoptera). Entomologiske Meddelelser 72: 49-74;;Ja;Jarrige, 1949;;Rovbiller;
Philonthus corruscus;Philonthus;Staphylinini;Staphylininae;Staphylinidae;Staphylinoidea;Coleoptera;Katalog over Danmarks biller (Catalogue of the Coleoptera of Denmark). Entomologiske Meddelelser 64: 1-231;;Ja;(Gravenhorst, 1802);;Rovbiller;
Philonthus corvinus;Philonthus;Staphylinini;Staphylininae;Staphylinidae;Staphylinoidea;Coleoptera;Katalog over Danmarks biller (Catalogue of the Coleoptera of Denmark). Entomologiske Meddelelser 64: 1-231;;Ja;Erichson, 1839;;Rovbiller;
Philonthus cruentatus;Philonthus;Staphylinini;Staphylininae;Staphylinidae;Staphylinoidea;Coleoptera;Katalog over Danmarks biller (Catalogue of the Coleoptera of Denmark). Entomologiske Meddelelser 64: 1-231;;Ja;(Gmelin, 1790);;Rovbiller;
Philonthus debilis;Philonthus;Staphylinini;Staphylininae;Staphylinidae;Staphylinoidea;Coleoptera;Katalog over Danmarks biller (Catalogue of the Coleoptera of Denmark). Entomologiske Meddelelser 64: 1-231;;Ja;(Gravenhorst, 1802);;Rovbiller;
Philonthus decorus;Philonthus;Staphylinini;Staphylininae;Staphylinidae;Staphylinoidea;Coleoptera;Katalog over Danmarks biller (Catalogue of the Coleoptera of Denmark). Entomologiske Meddelelser 64: 1-231;;Ja;(Gravenhorst, 1802);;Rovbiller;
Philonthus discoideus;Philonthus;Staphylinini;Staphylininae;Staphylinidae;Staphylinoidea;Coleoptera;Katalog over Danmarks biller (Catalogue of the Coleoptera of Denmark). Entomologiske Meddelelser 64: 1-231;;Ja;(Gravenhorst, 1802);;Rovbiller;
Philonthus ebeninus;Philonthus;Staphylinini;Staphylininae;Staphylinidae;Staphylinoidea;Coleoptera;Katalog over Danmarks biller (Catalogue of the Coleoptera of Denmark). Entomologiske Meddelelser 64: 1-231;;Ja;(Gravenhorst, 1802);;Rovbiller;
Philonthus fumarius;Philonthus;Staphylinini;Staphylininae;Staphylinidae;Staphylinoidea;Coleoptera;Katalog over Danmarks biller (Catalogue of the Coleoptera of Denmark). Entomologiske Meddelelser 64: 1-231;;Ja;(Gravenhorst, 1806);;Rovbiller;
Philonthus furcifer;Philonthus;Staphylinini;Staphylininae;Staphylinidae;Staphylinoidea;Coleoptera;Katalog over Danmarks biller (Catalogue of the Coleoptera of Denmark). Entomologiske Meddelelser 64: 1-231;;Ja;Renkonen, 1937;;Rovbiller;
Philonthus intermedius;Philonthus;Staphylinini;Staphylininae;Staphylinidae;Staphylinoidea;Coleoptera;Katalog over Danmarks biller (Catalogue of the Coleoptera of Denmark). Entomologiske Meddelelser 64: 1-231;;Ja;(Lacordaire, 1835);;Rovbiller;
Philonthus jurgans;Philonthus;Staphylinini;Staphylininae;Staphylinidae;Staphylinoidea;Coleoptera;Katalog over Danmarks biller (Catalogue of the Coleoptera of Denmark). Entomologiske Meddelelser 64: 1-231;;Ja;Tottenham, 1937;;Rovbiller;
Philonthus laminatus;Philonthus;Staphylinini;Staphylininae;Staphylinidae;Staphylinoidea;Coleoptera;Katalog over Danmarks biller (Catalogue of the Coleoptera of Denmark). Entomologiske Meddelelser 64: 1-231;;Ja;(Creutzer, 1799);;Rovbiller;
Philonthus lepidus;Philonthus;Staphylinini;Staphylininae;Staphylinidae;Staphylinoidea;Coleoptera;Katalog over Danmarks biller (Catalogue of the Coleoptera of Denmark). Entomologiske Meddelelser 64: 1-231;;Ja;(Gravenhorst, 1802);;Rovbiller;
Philonthus longicornis;Philonthus;Staphylinini;Staphylininae;Staphylinidae;Staphylinoidea;Coleoptera;Katalog over Danmarks biller (Catalogue of the Coleoptera of Denmark). Entomologiske Meddelelser 64: 1-231;;Ja;Stephens, 1832;;Rovbiller;
Philonthus mannerheimi;Philonthus;Staphylinini;Staphylininae;Staphylinidae;Staphylinoidea;Coleoptera;Katalog over Danmarks biller (Catalogue of the Coleoptera of Denmark). Entomologiske Meddelelser 64: 1-231;;Ja;Fauvel, 1869;;Rovbiller;
Philonthus marginatus;Philonthus;Staphylinini;Staphylininae;Staphylinidae;Staphylinoidea;Coleoptera;Katalog over Danmarks biller (Catalogue of the Coleoptera of Denmark). Entomologiske Meddelelser 64: 1-231;;Ja;(Müller, 1764);;Rovbiller;
Philonthus micans;Philonthus;Staphylinini;Staphylininae;Staphylinidae;Staphylinoidea;Coleoptera;Katalog over Danmarks biller (Catalogue of the Coleoptera of Denmark). Entomologiske Meddelelser 64: 1-231;;Ja;(Gravenhorst, 1802);;Rovbiller;
Philonthus micantoides;Philonthus;Staphylinini;Staphylininae;Staphylinidae;Staphylinoidea;Coleoptera;Katalog over Danmarks biller (Catalogue of the Coleoptera of Denmark). Entomologiske Meddelelser 64: 1-231;;Ja;Benick & Lohse, 1956;;Rovbiller;
Philonthus nigrita;Philonthus;Staphylinini;Staphylininae;Staphylinidae;Staphylinoidea;Coleoptera;Katalog over Danmarks biller (Catalogue of the Coleoptera of Denmark). Entomologiske Meddelelser 64: 1-231;;Ja;(Gravenhorst, 1806);;Rovbiller;
Philonthus nitidicollis;Philonthus;Staphylinini;Staphylininae;Staphylinidae;Staphylinoidea;Coleoptera;Katalog over Danmarks biller (Catalogue of the Coleoptera of Denmark). Entomologiske Meddelelser 64: 1-231;;Ja;(Lacordaire, 1835);;Rovbiller;bimaculatus
Philonthus nitidus;Philonthus;Staphylinini;Staphylininae;Staphylinidae;Staphylinoidea;Coleoptera;Katalog over Danmarks biller (Catalogue of the Coleoptera of Denmark). Entomologiske Meddelelser 64: 1-231;;Ja;(Fabricius, 1787);;Rovbiller;
Philonthus parvicornis;Philonthus;Staphylinini;Staphylininae;Staphylinidae;Staphylinoidea;Coleoptera;Katalog over Danmarks biller (Catalogue of the Coleoptera of Denmark). Entomologiske Meddelelser 64: 1-231;;Ja;(Gravenhorst, 1802);;Rovbiller;agilis
Philonthus politus;Philonthus;Staphylinini;Staphylininae;Staphylinidae;Staphylinoidea;Coleoptera;Katalog over Danmarks biller (Catalogue of the Coleoptera of Denmark). Entomologiske Meddelelser 64: 1-231;;Ja;(Linnaeus, 1758);;Rovbiller;
Philonthus pseudovarians;Philonthus;Staphylinini;Staphylininae;Staphylinidae;Staphylinoidea;Coleoptera;Katalog over Danmarks biller (Catalogue of the Coleoptera of Denmark). Entomologiske Meddelelser 64: 1-231;;Ja;Strand, 1941;;Rovbiller;
Philonthus punctus;Philonthus;Staphylinini;Staphylininae;Staphylinidae;Staphylinoidea;Coleoptera;Katalog over Danmarks biller (Catalogue of the Coleoptera of Denmark). Entomologiske Meddelelser 64: 1-231;;Ja;(Gravenhorst, 1802);;Rovbiller;
Philonthus quisquiliarius;Philonthus;Staphylinini;Staphylininae;Staphylinidae;Staphylinoidea;Coleoptera;Katalog over Danmarks biller (Catalogue of the Coleoptera of Denmark). Entomologiske Meddelelser 64: 1-231;;Ja;(Gyllenhal, 1810);;Rovbiller;
Philonthus rectangulus;Philonthus;Staphylinini;Staphylininae;Staphylinidae;Staphylinoidea;Coleoptera;Katalog over Danmarks biller (Catalogue of the Coleoptera of Denmark). Entomologiske Meddelelser 64: 1-231;;Ja;Sharp, 1874;;Rovbiller;
Philonthus rubripennis;Philonthus;Staphylinini;Staphylininae;Staphylinidae;Staphylinoidea;Coleoptera;Katalog over Danmarks biller (Catalogue of the Coleoptera of Denmark). Entomologiske Meddelelser 64: 1-231;;Ja;Stephens, 1832;;Rovbiller;fulvipes
Philonthus rufipes;Philonthus;Staphylinini;Staphylininae;Staphylinidae;Staphylinoidea;Coleoptera;Katalog over Danmarks biller (Catalogue of the Coleoptera of Denmark). Entomologiske Meddelelser 64: 1-231;;Ja;(Stephens, 1832);;Rovbiller;immundus
Philonthus salinus;Philonthus;Staphylinini;Staphylininae;Staphylinidae;Staphylinoidea;Coleoptera;Katalog over Danmarks biller (Catalogue of the Coleoptera of Denmark). Entomologiske Meddelelser 64: 1-231;;Ja;Kiesenwetter, 1844;;Rovbiller;
Philonthus sanguinolentus;Philonthus;Staphylinini;Staphylininae;Staphylinidae;Staphylinoidea;Coleoptera;Katalog over Danmarks biller (Catalogue of the Coleoptera of Denmark). Entomologiske Meddelelser 64: 1-231;;Ja;(Gravenhorst, 1802);;Rovbiller;
Philonthus spinipes;Philonthus;Staphylinini;Staphylininae;Staphylinidae;Staphylinoidea;Coleoptera;Rovbillen Philonthus spinipes Sharp, 1874 fundet i Danmark (Coleoptera, Staphylinidae). Entomologiske Meddelelser 61: 77-80;;Ja;Sharp, 1874;;Rovbiller;
Philonthus splendens;Philonthus;Staphylinini;Staphylininae;Staphylinidae;Staphylinoidea;Coleoptera;Katalog over Danmarks biller (Catalogue of the Coleoptera of Denmark). Entomologiske Meddelelser 64: 1-231;;Ja;(Fabricius, 1793);Glansrovbille;Rovbiller;
Philonthus succicola;Philonthus;Staphylinini;Staphylininae;Staphylinidae;Staphylinoidea;Coleoptera;Katalog over Danmarks biller (Catalogue of the Coleoptera of Denmark). Entomologiske Meddelelser 64: 1-231;;Ja;Thomson, 1860;;Rovbiller;chalcleus
Philonthus tenuicornis;Philonthus;Staphylinini;Staphylininae;Staphylinidae;Staphylinoidea;Coleoptera;Katalog over Danmarks biller (Catalogue of the Coleoptera of Denmark). Entomologiske Meddelelser 64: 1-231;;Ja;Mulsant & Rey, 1853;;Rovbiller;carbonarius
Philonthus umbratilis;Philonthus;Staphylinini;Staphylininae;Staphylinidae;Staphylinoidea;Coleoptera;Katalog over Danmarks biller (Catalogue of the Coleoptera of Denmark). Entomologiske Meddelelser 64: 1-231;;Ja;(Gravenhorst, 1802);;Rovbiller;
Philonthus varians;Philonthus;Staphylinini;Staphylininae;Staphylinidae;Staphylinoidea;Coleoptera;Katalog over Danmarks biller (Catalogue of the Coleoptera of Denmark). Entomologiske Meddelelser 64: 1-231;;Ja;(Paykull, 1789);;Rovbiller;
Philonthus ventralis;Philonthus;Staphylinini;Staphylininae;Staphylinidae;Staphylinoidea;Coleoptera;Katalog over Danmarks biller (Catalogue of the Coleoptera of Denmark). Entomologiske Meddelelser 64: 1-231;;Ja;(Gravenhorst, 1802);;Rovbiller;
Platydracus chalcocephalus;Platydracus;Staphylinini;Staphylininae;Staphylinidae;Staphylinoidea;Coleoptera;Katalog over Danmarks biller (Catalogue of the Coleoptera of Denmark). Entomologiske Meddelelser 64: 1-231;;Ja;(Fabricius, 1801);;Rovbiller;
Platydracus fulvipes;Platydracus;Staphylinini;Staphylininae;Staphylinidae;Staphylinoidea;Coleoptera;Katalog over Danmarks biller (Catalogue of the Coleoptera of Denmark). Entomologiske Meddelelser 64: 1-231;;Ja;(Scopoli, 1763);;Rovbiller;
Platydracus latebricola;Platydracus;Staphylinini;Staphylininae;Staphylinidae;Staphylinoidea;Coleoptera;Katalog over Danmarks biller (Catalogue of the Coleoptera of Denmark). Entomologiske Meddelelser 64: 1-231;;Ja;(Gravenhorst, 1806);;Rovbiller;
Platydracus stercorarius;Platydracus;Staphylinini;Staphylininae;Staphylinidae;Staphylinoidea;Coleoptera;Katalog over Danmarks biller (Catalogue of the Coleoptera of Denmark). Entomologiske Meddelelser 64: 1-231;;Ja;(Olivier, 1795);Almindelig guldpletrovbille;Rovbiller;
Pseudomedon obscurellus;Pseudomedon;Paederini;Paederinae;Staphylinidae;Staphylinoidea;Coleoptera;Katalog over Danmarks biller (Catalogue of the Coleoptera of Denmark). Entomologiske Meddelelser 64: 1-231;;Ja;(Erichson, 1840);;Rovbiller;
Pseudomedon obsoletus;Pseudomedon;Paederini;Paederinae;Staphylinidae;Staphylinoidea;Coleoptera;Katalog over Danmarks biller (Catalogue of the Coleoptera of Denmark). Entomologiske Meddelelser 64: 1-231;;Ja;(Nordmann, 1837);;Rovbiller;
Quedius auricomus;Quedius;Staphylinini;Staphylininae;Staphylinidae;Staphylinoidea;Coleoptera;Katalog over Danmarks biller (Catalogue of the Coleoptera of Denmark). Entomologiske Meddelelser 64: 1-231;;Ja;Kiesenwetter, 1850;;Rovbiller;
Quedius balticus;Quedius;Staphylinini;Staphylininae;Staphylinidae;Staphylinoidea;Coleoptera;Katalog over Danmarks biller (Catalogue of the Coleoptera of Denmark). Entomologiske Meddelelser 64: 1-231;;Ja;Korge, 1960;;Rovbiller;
Quedius boopoides;Quedius;Staphylinini;Staphylininae;Staphylinidae;Staphylinoidea;Coleoptera;Katalog over Danmarks biller (Catalogue of the Coleoptera of Denmark). Entomologiske Meddelelser 64: 1-231;;Ja;Munster, 1923;;Rovbiller;
Quedius boops;Quedius;Staphylinini;Staphylininae;Staphylinidae;Staphylinoidea;Coleoptera;Katalog over Danmarks biller (Catalogue of the Coleoptera of Denmark). Entomologiske Meddelelser 64: 1-231;;Ja;(Gravenhorst, 1802);;Rovbiller;
Quedius brevicornis;Quedius;Staphylinini;Staphylininae;Staphylinidae;Staphylinoidea;Coleoptera;Katalog over Danmarks biller (Catalogue of the Coleoptera of Denmark). Entomologiske Meddelelser 64: 1-231;;Ja;(Thomson, 1860);;Rovbiller;
Quedius brevis;Quedius;Staphylinini;Staphylininae;Staphylinidae;Staphylinoidea;Coleoptera;Katalog over Danmarks biller (Catalogue of the Coleoptera of Denmark). Entomologiske Meddelelser 64: 1-231;;Ja;Erichson, 1840;;Rovbiller;
Quedius cinctus;Quedius;Staphylinini;Staphylininae;Staphylinidae;Staphylinoidea;Coleoptera;Katalog over Danmarks biller (Catalogue of the Coleoptera of Denmark). Entomologiske Meddelelser 64: 1-231;;Ja;(Paykull, 1790);;Rovbiller;
Quedius cruentus;Quedius;Staphylinini;Staphylininae;Staphylinidae;Staphylinoidea;Coleoptera;Katalog over Danmarks biller (Catalogue of the Coleoptera of Denmark). Entomologiske Meddelelser 64: 1-231;;Ja;(Olivier, 1795);;Rovbiller;
Quedius curtipennis;Quedius;Staphylinini;Staphylininae;Staphylinidae;Staphylinoidea;Coleoptera;Katalog over Danmarks biller (Catalogue of the Coleoptera of Denmark). Entomologiske Meddelelser 64: 1-231;;Ja;Bernhauer, 1908;;Rovbiller;
Quedius fulgidus;Quedius;Staphylinini;Staphylininae;Staphylinidae;Staphylinoidea;Coleoptera;Katalog over Danmarks biller (Catalogue of the Coleoptera of Denmark). Entomologiske Meddelelser 64: 1-231;;Ja;(Fabricius, 1793);;Rovbiller;assimilis
Quedius fuliginosus;Quedius;Staphylinini;Staphylininae;Staphylinidae;Staphylinoidea;Coleoptera;Katalog over Danmarks biller (Catalogue of the Coleoptera of Denmark). Entomologiske Meddelelser 64: 1-231;;Ja;(Gravenhorst, 1802);;Rovbiller;
Quedius fulvicollis;Quedius;Staphylinini;Staphylininae;Staphylinidae;Staphylinoidea;Coleoptera;Katalog over Danmarks biller (Catalogue of the Coleoptera of Denmark). Entomologiske Meddelelser 64: 1-231;;Ja;(Stephens, 1833);;Rovbiller;
Quedius fumatus;Quedius;Staphylinini;Staphylininae;Staphylinidae;Staphylinoidea;Coleoptera;Katalog over Danmarks biller (Catalogue of the Coleoptera of Denmark). Entomologiske Meddelelser 64: 1-231;;Ja;(Stephens, 1833);;Rovbiller;
Quedius infuscatus;Quedius;Staphylinini;Staphylininae;Staphylinidae;Staphylinoidea;Coleoptera;Katalog over Danmarks biller (Catalogue of the Coleoptera of Denmark). Entomologiske Meddelelser 64: 1-231;;Ja;Erichson, 1840;;Rovbiller;
Quedius invreae;Quedius;Staphylinini;Staphylininae;Staphylinidae;Staphylinoidea;Coleoptera;Katalog over Danmarks biller (Catalogue of the Coleoptera of Denmark). Entomologiske Meddelelser 64: 1-231;;Ja;Gridelli, 1924;;Rovbiller;invreai
Quedius lateralis;Quedius;Staphylinini;Staphylininae;Staphylinidae;Staphylinoidea;Coleoptera;Katalog over Danmarks biller (Catalogue of the Coleoptera of Denmark). Entomologiske Meddelelser 64: 1-231;;Ja;(Gravenhorst, 1802);;Rovbiller;
Quedius levicollis;Quedius;Staphylinini;Staphylininae;Staphylinidae;Staphylinoidea;Coleoptera;Katalog over Danmarks biller (Catalogue of the Coleoptera of Denmark). Entomologiske Meddelelser 64: 1-231;;Ja;(Brüllé, 1832);;Rovbiller;tristis
Quedius longicornis;Quedius;Staphylinini;Staphylininae;Staphylinidae;Staphylinoidea;Coleoptera;Katalog over Danmarks biller (Catalogue of the Coleoptera of Denmark). Entomologiske Meddelelser 64: 1-231;;Ja;Kraatz, 1857;;Rovbiller;
Quedius lucidulus;Quedius;Staphylinini;Staphylininae;Staphylinidae;Staphylinoidea;Coleoptera;Katalog over Danmarks biller (Catalogue of the Coleoptera of Denmark). Entomologiske Meddelelser 64: 1-231;;Ja;Erichson, 1839;;Rovbiller;
Quedius maurorufus;Quedius;Staphylinini;Staphylininae;Staphylinidae;Staphylinoidea;Coleoptera;Katalog over Danmarks biller (Catalogue of the Coleoptera of Denmark). Entomologiske Meddelelser 64: 1-231;;Ja;(Gravenhorst, 1806);;Rovbiller;
Quedius maurus;Quedius;Staphylinini;Staphylininae;Staphylinidae;Staphylinoidea;Coleoptera;Katalog over Danmarks biller (Catalogue of the Coleoptera of Denmark). Entomologiske Meddelelser 64: 1-231;;Ja;(Sahlberg, 1830);;Rovbiller;
Quedius mesomelinus;Quedius;Staphylinini;Staphylininae;Staphylinidae;Staphylinoidea;Coleoptera;Katalog over Danmarks biller (Catalogue of the Coleoptera of Denmark). Entomologiske Meddelelser 64: 1-231;;Ja;(Marsham, 1802);;Rovbiller;
Quedius microps;Quedius;Staphylinini;Staphylininae;Staphylinidae;Staphylinoidea;Coleoptera;Katalog over Danmarks biller (Catalogue of the Coleoptera of Denmark). Entomologiske Meddelelser 64: 1-231;;Ja;Gravenhorst, 1847;;Rovbiller;
Quedius molochinus;Quedius;Staphylinini;Staphylininae;Staphylinidae;Staphylinoidea;Coleoptera;Katalog over Danmarks biller (Catalogue of the Coleoptera of Denmark). Entomologiske Meddelelser 64: 1-231;;Ja;(Gravenhorst, 1806);;Rovbiller;picipennis
Quedius nemoralis;Quedius;Staphylinini;Staphylininae;Staphylinidae;Staphylinoidea;Coleoptera;Katalog over Danmarks biller (Catalogue of the Coleoptera of Denmark). Entomologiske Meddelelser 64: 1-231;;Ja;Baudi, 1848;;Rovbiller;
Quedius nigriceps;Quedius;Staphylinini;Staphylininae;Staphylinidae;Staphylinoidea;Coleoptera;Katalog over Danmarks biller (Catalogue of the Coleoptera of Denmark). Entomologiske Meddelelser 64: 1-231;;Ja;Kraatz, 1857;;Rovbiller;
Quedius nigrocaeruleus;Quedius;Staphylinini;Staphylininae;Staphylinidae;Staphylinoidea;Coleoptera;Katalog over Danmarks biller (Catalogue of the Coleoptera of Denmark). Entomologiske Meddelelser 64: 1-231;;Ja;Fauvel, 1876;;Rovbiller;
Quedius nitipennis;Quedius;Staphylinini;Staphylininae;Staphylinidae;Staphylinoidea;Coleoptera;Katalog over Danmarks biller (Catalogue of the Coleoptera of Denmark). Entomologiske Meddelelser 64: 1-231;;Ja;(Stephens, 1833);;Rovbiller;
Quedius persimilis;Quedius;Staphylinini;Staphylininae;Staphylinidae;Staphylinoidea;Coleoptera;Katalog over Danmarks biller (Catalogue of the Coleoptera of Denmark). Entomologiske Meddelelser 64: 1-231;;Ja;Mulsant & Rey, 1876;;Rovbiller;aridulus
Quedius picipes;Quedius;Staphylinini;Staphylininae;Staphylinidae;Staphylinoidea;Coleoptera;Katalog over Danmarks biller (Catalogue of the Coleoptera of Denmark). Entomologiske Meddelelser 64: 1-231;;Ja;(Mannerheim, 1830);;Rovbiller;
Quedius puncticollis;Quedius;Staphylinini;Staphylininae;Staphylinidae;Staphylinoidea;Coleoptera;Katalog over Danmarks biller (Catalogue of the Coleoptera of Denmark). Entomologiske Meddelelser 64: 1-231;;Ja;(Thomson, 1867);;Rovbiller;
Quedius scintillans;Quedius;Staphylinini;Staphylininae;Staphylinidae;Staphylinoidea;Coleoptera;Katalog over Danmarks biller (Catalogue of the Coleoptera of Denmark). Entomologiske Meddelelser 64: 1-231;;Ja;(Gravenhorst, 1806);;Rovbiller;
Quedius scitus;Quedius;Staphylinini;Staphylininae;Staphylinidae;Staphylinoidea;Coleoptera;Katalog over Danmarks biller (Catalogue of the Coleoptera of Denmark). Entomologiske Meddelelser 64: 1-231;;Ja;(Gravenhorst, 1806);;Rovbiller;
Quedius semiaeneus;Quedius;Staphylinini;Staphylininae;Staphylinidae;Staphylinoidea;Coleoptera;Katalog over Danmarks biller (Catalogue of the Coleoptera of Denmark). Entomologiske Meddelelser 64: 1-231;;Ja;(Stephens, 1833);;Rovbiller;
Quedius semiobscurus;Quedius;Staphylinini;Staphylininae;Staphylinidae;Staphylinoidea;Coleoptera;Katalog over Danmarks biller (Catalogue of the Coleoptera of Denmark). Entomologiske Meddelelser 64: 1-231;;Ja;(Marsham, 1802);;Rovbiller;rufipes
Quedius simplicifrons;Quedius;Staphylinini;Staphylininae;Staphylinidae;Staphylinoidea;Coleoptera;Katalog over Danmarks biller (Catalogue of the Coleoptera of Denmark). Entomologiske Meddelelser 64: 1-231;;Ja;Fairmaire, 1861;;Rovbiller;hispanicus
Quedius suturalis;Quedius;Staphylinini;Staphylininae;Staphylinidae;Staphylinoidea;Coleoptera;Katalog over Danmarks biller (Catalogue of the Coleoptera of Denmark). Entomologiske Meddelelser 64: 1-231;;Ja;Kiesenwetter, 1845;;Rovbiller;humeralis
Quedius truncicola;Quedius;Staphylinini;Staphylininae;Staphylinidae;Staphylinoidea;Coleoptera;Katalog over Danmarks biller (Catalogue of the Coleoptera of Denmark). Entomologiske Meddelelser 64: 1-231;;Ja;Fairmaire & Laboulbène, 1856;;Rovbiller;ventralis
Quedius umbrinus;Quedius;Staphylinini;Staphylininae;Staphylinidae;Staphylinoidea;Coleoptera;Katalog over Danmarks biller (Catalogue of the Coleoptera of Denmark). Entomologiske Meddelelser 64: 1-231;;Ja;Erichson, 1839;;Rovbiller;
Quedius xanthopus;Quedius;Staphylinini;Staphylininae;Staphylinidae;Staphylinoidea;Coleoptera;Katalog over Danmarks biller (Catalogue of the Coleoptera of Denmark). Entomologiske Meddelelser 64: 1-231;;Ja;Erichson, 1839;;Rovbiller;
Remus sericeus;Remus;Staphylinini;Staphylininae;Staphylinidae;Staphylinoidea;Coleoptera;Katalog over Danmarks biller (Catalogue of the Coleoptera of Denmark). Entomologiske Meddelelser 64: 1-231;;Ja;Holme, 1837;;Rovbiller;
Rugilus erichsoni;Rugilus;Paederini;Paederinae;Staphylinidae;Staphylinoidea;Coleoptera;Katalog over Danmarks biller (Catalogue of the Coleoptera of Denmark). Entomologiske Meddelelser 64: 1-231;;Ja;(Fauvel, 1867);;Rovbiller;
Rugilus geniculatus;Rugilus;Paederini;Paederinae;Staphylinidae;Staphylinoidea;Coleoptera;Katalog over Danmarks biller (Catalogue of the Coleoptera of Denmark). Entomologiske Meddelelser 64: 1-231;;Ja;(Erichson, 1839);;Rovbiller;
Rugilus orbiculatus;Rugilus;Paederini;Paederinae;Staphylinidae;Staphylinoidea;Coleoptera;Katalog over Danmarks biller (Catalogue of the Coleoptera of Denmark). Entomologiske Meddelelser 64: 1-231;;Ja;(Paykull, 1789);;Rovbiller;
Rugilus rufipes;Rugilus;Paederini;Paederinae;Staphylinidae;Staphylinoidea;Coleoptera;Katalog over Danmarks biller (Catalogue of the Coleoptera of Denmark). Entomologiske Meddelelser 64: 1-231;;Ja;Germar, 1836;;Rovbiller;
Rugilus similis;Rugilus;Paederini;Paederinae;Staphylinidae;Staphylinoidea;Coleoptera;Katalog over Danmarks biller (Catalogue of the Coleoptera of Denmark). Entomologiske Meddelelser 64: 1-231;;Ja;(Erichson, 1839);;Rovbiller;
Scopaeus laevigatus;Scopaeus;Paederini;Paederinae;Staphylinidae;Staphylinoidea;Coleoptera;Katalog over Danmarks biller (Catalogue of the Coleoptera of Denmark). Entomologiske Meddelelser 64: 1-231;;Ja;(Gyllenhal, 1827);;Rovbiller;
Scopaeus minimus;Scopaeus;Paederini;Paederinae;Staphylinidae;Staphylinoidea;Coleoptera;Katalog over Danmarks biller (Catalogue of the Coleoptera of Denmark). Entomologiske Meddelelser 64: 1-231;;Ja;(Erichson, 1839);;Rovbiller;
Scopaeus minutus;Scopaeus;Paederini;Paederinae;Staphylinidae;Staphylinoidea;Coleoptera;Katalog over Danmarks biller (Catalogue of the Coleoptera of Denmark). Entomologiske Meddelelser 64: 1-231;;Ja;Erichson, 1840;;Rovbiller;
Scopaeus sulcicollis;Scopaeus;Paederini;Paederinae;Staphylinidae;Staphylinoidea;Coleoptera;Katalog over Danmarks biller (Catalogue of the Coleoptera of Denmark). Entomologiske Meddelelser 64: 1-231;;Ja;(Stephens, 1833);;Rovbiller;cognatus
Staphylinus caesareus;Staphylinus;Staphylinini;Staphylininae;Staphylinidae;Staphylinoidea;Coleoptera;Katalog over Danmarks biller (Catalogue of the Coleoptera of Denmark). Entomologiske Meddelelser 64: 1-231;;Ja;Cederhjelm, 1798;Kejserrovbille;Rovbiller;
Staphylinus dimidiaticornis;Staphylinus;Staphylinini;Staphylininae;Staphylinidae;Staphylinoidea;Coleoptera;Katalog over Danmarks biller (Catalogue of the Coleoptera of Denmark). Entomologiske Meddelelser 64: 1-231;;Ja;Gemminger, 1851;Sortkindet kejserrovbille;Rovbiller;parumtomentosus
Staphylinus erythropterus;Staphylinus;Staphylinini;Staphylininae;Staphylinidae;Staphylinoidea;Coleoptera;Katalog over Danmarks biller (Catalogue of the Coleoptera of Denmark). Entomologiske Meddelelser 64: 1-231;;Ja;Linnaeus, 1758;Rødvinget rovbille;Rovbiller;
Sunius bicolor;Sunius;Paederini;Paederinae;Staphylinidae;Staphylinoidea;Coleoptera;Katalog over Danmarks biller (Catalogue of the Coleoptera of Denmark). Entomologiske Meddelelser 64: 1-231;;Ja;(Olivier, 1795);;Rovbiller;
Sunius melanocephalus;Sunius;Paederini;Paederinae;Staphylinidae;Staphylinoidea;Coleoptera;Katalog over Danmarks biller (Catalogue of the Coleoptera of Denmark). Entomologiske Meddelelser 64: 1-231;;Ja;(Fabricius, 1792);;Rovbiller;
Tasgius ater;Tasgius;Staphylinini;Staphylininae;Staphylinidae;Staphylinoidea;Coleoptera;Katalog over Danmarks biller (Catalogue of the Coleoptera of Denmark). Entomologiske Meddelelser 64: 1-231;;Ja;(Gravenhorst, 1802);;Rovbiller;
Tasgius globulifer;Tasgius;Staphylinini;Staphylininae;Staphylinidae;Staphylinoidea;Coleoptera;Katalog over Danmarks biller (Catalogue of the Coleoptera of Denmark). Entomologiske Meddelelser 64: 1-231;;Ja;(Geoffroy, 1785);;Rovbiller;siculus
Tasgius melanarius;Tasgius;Staphylinini;Staphylininae;Staphylinidae;Staphylinoidea;Coleoptera;Katalog over Danmarks biller (Catalogue of the Coleoptera of Denmark). Entomologiske Meddelelser 64: 1-231;;Ja;(Heer, 1839);;Rovbiller;
Tasgius morsitans;Tasgius;Staphylinini;Staphylininae;Staphylinidae;Staphylinoidea;Coleoptera;Katalog over Danmarks biller (Catalogue of the Coleoptera of Denmark). Entomologiske Meddelelser 64: 1-231;;Ja;(Rossi, 1790);;Rovbiller;compressus
Tasgius pedator;Tasgius;Staphylinini;Staphylininae;Staphylinidae;Staphylinoidea;Coleoptera;Fund af biller i Danmark, 1998 (Coleoptera). Entomologiske Meddelelser 67: 71-102;;Ja;(Gravenhorst, 1802);;Rovbiller;
Tasgius winkleri;Tasgius;Staphylinini;Staphylininae;Staphylinidae;Staphylinoidea;Coleoptera;Katalog over Danmarks biller (Catalogue of the Coleoptera of Denmark). Entomologiske Meddelelser 64: 1-231;;Ja;(Bernhauer, 1906);;Rovbiller;
Tetartopeus quadratus;Tetartopeus;Paederini;Paederinae;Staphylinidae;Staphylinoidea;Coleoptera;Katalog over Danmarks biller (Catalogue of the Coleoptera of Denmark). Entomologiske Meddelelser 64: 1-231;;Ja;(Paykull, 1789);;Rovbiller;
Tetartopeus rufonitidus;Tetartopeus;Paederini;Paederinae;Staphylinidae;Staphylinoidea;Coleoptera;Katalog over Danmarks biller (Catalogue of the Coleoptera of Denmark). Entomologiske Meddelelser 64: 1-231;;Ja;(Reitter, 1909);;Rovbiller;fennicum
Tetartopeus terminatus;Tetartopeus;Paederini;Paederinae;Staphylinidae;Staphylinoidea;Coleoptera;Katalog over Danmarks biller (Catalogue of the Coleoptera of Denmark). Entomologiske Meddelelser 64: 1-231;;Ja;(Gravenhorst, 1802);;Rovbiller;terminatum
Velleius dilatatus;Velleius;Staphylinini;Staphylininae;Staphylinidae;Staphylinoidea;Coleoptera;Katalog over Danmarks biller (Catalogue of the Coleoptera of Denmark). Entomologiske Meddelelser 64: 1-231;;Ja;(Fabricius, 1787);;Rovbiller;
Xantholinus dvoraki;Xantholinus;Xantholinini;Staphylininae;Staphylinidae;Staphylinoidea;Coleoptera;Katalog over Danmarks biller (Catalogue of the Coleoptera of Denmark). Entomologiske Meddelelser 64: 1-231;;Ja;Coiffait,1956;;Rovbiller;roubali
Xantholinus elegans;Xantholinus;Xantholinini;Staphylininae;Staphylinidae;Staphylinoidea;Coleoptera;http://www.fugleognatur.dk/artintro.asp?ID=43446;;Ja;(Olivier, 1795);;Rovbiller;
Xantholinus gallicus;Xantholinus;Xantholinini;Staphylininae;Staphylinidae;Staphylinoidea;Coleoptera;Katalog over Danmarks biller (Catalogue of the Coleoptera of Denmark). Entomologiske Meddelelser 64: 1-231;;Ja;Coiffait,1956;;Rovbiller;rhenanus
Xantholinus laevigatus;Xantholinus;Xantholinini;Staphylininae;Staphylinidae;Staphylinoidea;Coleoptera;Katalog over Danmarks biller (Catalogue of the Coleoptera of Denmark). Entomologiske Meddelelser 64: 1-231;;Ja;Jacobson,1849;;Rovbiller;clairei
Xantholinus linearis;Xantholinus;Xantholinini;Staphylininae;Staphylinidae;Staphylinoidea;Coleoptera;Katalog over Danmarks biller (Catalogue of the Coleoptera of Denmark). Entomologiske Meddelelser 64: 1-231;;Ja;(Olivier, 1795);;Rovbiller;
Xantholinus longiventris;Xantholinus;Xantholinini;Staphylininae;Staphylinidae;Staphylinoidea;Coleoptera;Katalog over Danmarks biller (Catalogue of the Coleoptera of Denmark). Entomologiske Meddelelser 64: 1-231;;Ja;Heer, 1839;;Rovbiller;
Xantholinus tricolor;Xantholinus;Xantholinini;Staphylininae;Staphylinidae;Staphylinoidea;Coleoptera;Katalog over Danmarks biller (Catalogue of the Coleoptera of Denmark). Entomologiske Meddelelser 64: 1-231;;Ja;(Fabricius, 1787);;Rovbiller;
